	shannon_whole	richness_whole	stage	region
Me_1_p	1.0792968929639228	14	Me	1
Me_2_p	1.2159858742691727	29	Me	2
Me_3_p	0.9677536187479034	22	Me	3
Me_4_p	0.8003338834413204	22	Me	4
Me_5_p	2.017331582480677	27	Me	5
Me_6_p	1.7486304700831905	35	Me	6
0M_1_p	2.1919702552490543	32	0M	1
0M_2_p	1.242380118887491	32	0M	2
0M_3_p	2.3333859423463146	51	0M	3
0M_4_p	2.3428007228159142	42	0M	4
0M_5_p	2.647990603079226	55	0M	5
0M_6_p	2.3319704338933134	48	0M	6
1M_1_p	1.6624178077959553	28	1M	1
1M_2_p	1.051768308465744	31	1M	2
1M_3_p	2.2412637026330255	50	1M	3
1M_4_p	1.9660231623579636	42	1M	4
1M_5_p	2.5441114375196134	52	1M	5
1M_6_p	2.6111269260343173	45	1M	6
3M_1_p	1.5877192380732201	29	3M	1
3M_2_p	1.1384112355935823	27	3M	2
3M_3_p	1.681197183885148	45	3M	3
3M_4_p	1.710436274966527	39	3M	4
6M_1	1.2169723226871498	31	6M	1
6M_2	1.1647297463941213	27	6M	2
6M_3	1.7033023447215323	38	6M	3
6M_4	1.9274463888458357	41	6M	4
6M_5	2.26587061012221	47	6M	5
12M_1_p	1.2084145327179825	39	12M	1
12M_2_p	1.0381165504940908	25	12M	2
12M_3_p	1.79343079444645	47	12M	3
12M_5_p	2.072460785206949	50	12M	5
12M_6_p	1.923007842667587	36	12M	6
