0M_1_p.bin.23.fa	0M_1_p.bin.23.fa
0M_1_p.bin.23.fa	1M_3_p.bin.7.fa
0M_1_p.bin.23.fa	1M_1_p.bin.13.fa
12M_3_p.bin.25.fa	12M_3_p.bin.25.fa
12M_3_p.bin.25.fa	3M_3_p.bin.6.fa
12M_5_p.bin.3.fa	12M_5_p.bin.3.fa
12M_5_p.bin.3.fa	6M_5.bin.15.fa
12M_2_p.bin.11.fa	12M_2_p.bin.11.fa
12M_2_p.bin.11.fa	1M_2_p.bin.8.fa
12M_2_p.bin.11.fa	3M_2_p.bin.4.fa
12M_2_p.bin.11.fa	0M_4_p.bin.30.fa
12M_2_p.bin.11.fa	0M_6_p.bin.17.fa
12M_2_p.bin.11.fa	0M_5_p.bin.22.fa
12M_2_p.bin.11.fa	Me_2_p.bin.12.fa
12M_2_p.bin.11.fa	6M_2.bin.8.fa
12M_2_p.bin.11.fa	0M_2_p.bin.9.fa
0M_5_p.bin.18.fa	0M_5_p.bin.18.fa
0M_5_p.bin.18.fa	1M_5_p.bin.29.fa
Me_3_p.bin.1.fa	Me_3_p.bin.1.fa
Me_3_p.bin.1.fa	0M_3_p.bin.16.fa
1M_3_p.bin.27.fa	1M_3_p.bin.27.fa
1M_3_p.bin.27.fa	0M_3_p.bin.18.fa
1M_3_p.bin.27.fa	3M_3_p.bin.8.fa
1M_3_p.bin.27.fa	12M_3_p.bin.14.fa
1M_3_p.bin.27.fa	6M_3.bin.20.fa
0M_2_p.bin.2.fa	0M_2_p.bin.2.fa
0M_2_p.bin.2.fa	12M_2_p.bin.10.fa
0M_2_p.bin.2.fa	Me_2_p.bin.16.fa
0M_2_p.bin.2.fa	6M_2.bin.7.fa
0M_2_p.bin.2.fa	3M_2_p.bin.15.fa
0M_2_p.bin.2.fa	1M_2_p.bin.2.fa
0M_2_p.bin.11.fa	0M_2_p.bin.11.fa
0M_2_p.bin.11.fa	6M_2.bin.11.fa
0M_2_p.bin.11.fa	3M_2_p.bin.10.fa
0M_2_p.bin.11.fa	Me_2_p.bin.8.fa
0M_2_p.bin.11.fa	12M_2_p.bin.5.fa
1M_4_p.bin.21.fa	1M_4_p.bin.21.fa
1M_4_p.bin.21.fa	12M_6_p.bin.6.fa
1M_4_p.bin.21.fa	0M_4_p.bin.25.fa
1M_4_p.bin.21.fa	6M_4.bin.10.fa
1M_4_p.bin.21.fa	3M_4_p.bin.12.fa
Me_3_p.bin.9.fa	Me_3_p.bin.9.fa
Me_3_p.bin.9.fa	6M_3.bin.8.fa
Me_3_p.bin.9.fa	1M_3_p.bin.21.fa
Me_3_p.bin.9.fa	3M_3_p.bin.19.fa
Me_3_p.bin.9.fa	0M_3_p.bin.13.fa
Me_3_p.bin.9.fa	12M_3_p.bin.19.fa
0M_5_p.bin.27.fa	0M_5_p.bin.27.fa
0M_5_p.bin.27.fa	12M_5_p.bin.17.fa
0M_5_p.bin.27.fa	Me_5_p.bin.1.fa
0M_5_p.bin.27.fa	1M_5_p.bin.31.fa
0M_5_p.bin.27.fa	6M_5.bin.12.fa
6M_3.bin.5.fa	6M_3.bin.5.fa
6M_3.bin.5.fa	3M_3_p.bin.23.fa
6M_3.bin.5.fa	12M_3_p.bin.12.fa
6M_3.bin.5.fa	1M_5_p.bin.12.fa
6M_3.bin.5.fa	12M_1_p.bin.1.fa
1M_3_p.bin.30.fa	1M_3_p.bin.30.fa
1M_3_p.bin.30.fa	3M_3_p.bin.12.fa
1M_3_p.bin.30.fa	0M_3_p.bin.17.fa
1M_3_p.bin.30.fa	12M_3_p.bin.9.fa
1M_5_p.bin.23.fa	1M_5_p.bin.23.fa
1M_5_p.bin.23.fa	1M_3_p.bin.3.fa
1M_5_p.bin.23.fa	0M_3_p.bin.11.fa
1M_5_p.bin.23.fa	0M_5_p.bin.19.fa
1M_5_p.bin.23.fa	12M_5_p.bin.18.fa
Me_5_p.bin.11.fa	Me_5_p.bin.11.fa
Me_5_p.bin.11.fa	0M_5_p.bin.14.fa
Me_5_p.bin.11.fa	12M_5_p.bin.19.fa
Me_5_p.bin.11.fa	6M_5.bin.1.fa
Me_5_p.bin.11.fa	1M_5_p.bin.35.fa
Me_3_p.bin.3.fa	Me_3_p.bin.3.fa
Me_3_p.bin.3.fa	0M_3_p.bin.1.fa
Me_3_p.bin.3.fa	1M_3_p.bin.9.fa
Me_3_p.bin.3.fa	12M_3_p.bin.22.fa
Me_3_p.bin.3.fa	3M_3_p.bin.16.fa
0M_4_p.bin.3.fa	0M_4_p.bin.3.fa
0M_4_p.bin.3.fa	1M_4_p.bin.3.fa
0M_4_p.bin.3.fa	12M_6_p.bin.3.fa
0M_4_p.bin.3.fa	3M_4_p.bin.6.fa
0M_4_p.bin.3.fa	6M_4.bin.7.fa
0M_4_p.bin.3.fa	1M_5_p.bin.30.fa
6M_3.bin.17.fa	6M_3.bin.17.fa
6M_3.bin.17.fa	3M_3_p.bin.22.fa
6M_3.bin.17.fa	12M_3_p.bin.8.fa
1M_4_p.bin.6.fa	1M_4_p.bin.6.fa
1M_4_p.bin.6.fa	0M_4_p.bin.1.fa
1M_4_p.bin.6.fa	6M_4.bin.4.fa
1M_4_p.bin.6.fa	12M_6_p.bin.11.fa
1M_4_p.bin.6.fa	3M_4_p.bin.3.fa
1M_4_p.bin.6.fa	0M_5_p.bin.6.fa
1M_4_p.bin.6.fa	1M_5_p.bin.21.fa
0M_3_p.bin.12.fa	0M_3_p.bin.12.fa
0M_3_p.bin.12.fa	6M_3.bin.14.fa
0M_3_p.bin.12.fa	1M_3_p.bin.13.fa
Me_5_p.bin.3.fa	Me_5_p.bin.3.fa
Me_5_p.bin.3.fa	0M_5_p.bin.20.fa
Me_5_p.bin.3.fa	1M_5_p.bin.5.fa
6M_3.bin.6.fa	6M_3.bin.6.fa
6M_3.bin.6.fa	1M_3_p.bin.4.fa
6M_3.bin.6.fa	3M_3_p.bin.7.fa
6M_3.bin.6.fa	12M_3_p.bin.18.fa
Me_6_p.bin.4.fa	Me_6_p.bin.4.fa
Me_6_p.bin.4.fa	1M_6_p.bin.20.fa
Me_6_p.bin.4.fa	0M_6_p.bin.28.fa
12M_6_p.bin.5.fa	12M_6_p.bin.5.fa
12M_6_p.bin.5.fa	6M_4.bin.3.fa
12M_6_p.bin.5.fa	3M_4_p.bin.15.fa
12M_6_p.bin.5.fa	1M_4_p.bin.15.fa
12M_6_p.bin.5.fa	0M_4_p.bin.18.fa
3M_3_p.bin.15.fa	3M_3_p.bin.15.fa
3M_3_p.bin.15.fa	12M_3_p.bin.4.fa
3M_3_p.bin.15.fa	0M_3_p.bin.32.fa
3M_3_p.bin.15.fa	1M_3_p.bin.16.fa
3M_3_p.bin.15.fa	0M_5_p.bin.24.fa
3M_3_p.bin.15.fa	1M_5_p.bin.38.fa
6M_5.bin.31.fa	6M_5.bin.31.fa
6M_5.bin.31.fa	12M_5_p.bin.25.fa
6M_5.bin.31.fa	0M_5_p.bin.32.fa
6M_4.bin.6.fa	6M_4.bin.6.fa
6M_4.bin.6.fa	3M_3_p.bin.3.fa
6M_4.bin.6.fa	0M_4_p.bin.6.fa
6M_4.bin.6.fa	6M_3.bin.25.fa
6M_4.bin.6.fa	12M_3_p.bin.23.fa
6M_4.bin.6.fa	3M_4_p.bin.14.fa
6M_4.bin.6.fa	Me_3_p.bin.6.fa
6M_4.bin.6.fa	1M_3_p.bin.18.fa
6M_4.bin.6.fa	1M_4_p.bin.4.fa
1M_1_p.bin.14.fa	1M_1_p.bin.14.fa
1M_1_p.bin.14.fa	12M_1_p.bin.4.fa
1M_1_p.bin.14.fa	6M_1.bin.3.fa
Me_2_p.bin.1.fa	Me_2_p.bin.1.fa
Me_2_p.bin.1.fa	3M_2_p.bin.14.fa
Me_3_p.bin.11.fa	Me_3_p.bin.11.fa
Me_3_p.bin.11.fa	0M_3_p.bin.6.fa
6M_5.bin.29.fa	6M_5.bin.29.fa
6M_5.bin.29.fa	12M_5_p.bin.9.fa
6M_5.bin.29.fa	1M_5_p.bin.13.fa
0M_3_p.bin.21.fa	0M_3_p.bin.21.fa
0M_3_p.bin.21.fa	6M_3.bin.7.fa
0M_3_p.bin.21.fa	1M_3_p.bin.12.fa
6M_5.bin.9.fa	6M_5.bin.9.fa
6M_3.bin.9.fa	6M_3.bin.9.fa
0M_1_p.bin.8.fa	0M_1_p.bin.8.fa
12M_1_p.bin.12.fa	12M_1_p.bin.12.fa
6M_5.bin.32.fa	6M_5.bin.32.fa
0M_5_p.bin.3.fa	0M_5_p.bin.3.fa
0M_5_p.bin.28.fa	0M_5_p.bin.28.fa
0M_5_p.bin.11.fa	0M_5_p.bin.11.fa
3M_3_p.bin.24.fa	3M_3_p.bin.24.fa
3M_3_p.bin.24.fa	3M_1_p.bin.12.fa
0M_3_p.bin.20.fa	0M_3_p.bin.20.fa
0M_3_p.bin.20.fa	3M_3_p.bin.9.fa
0M_3_p.bin.20.fa	0M_4_p.bin.20.fa
0M_3_p.bin.20.fa	1M_3_p.bin.26.fa
0M_3_p.bin.20.fa	Me_4_p.bin.5.fa
0M_3_p.bin.20.fa	12M_6_p.bin.16.fa
0M_3_p.bin.20.fa	12M_3_p.bin.15.fa
0M_3_p.bin.20.fa	6M_3.bin.3.fa
12M_2_p.bin.7.fa	12M_2_p.bin.7.fa
12M_2_p.bin.7.fa	6M_2.bin.13.fa
12M_2_p.bin.9.fa	12M_2_p.bin.9.fa
12M_2_p.bin.9.fa	1M_5_p.bin.8.fa
12M_2_p.bin.9.fa	12M_6_p.bin.9.fa
12M_2_p.bin.9.fa	1M_2_p.bin.6.fa
12M_2_p.bin.9.fa	6M_5.bin.6.fa
12M_2_p.bin.9.fa	12M_5_p.bin.10.fa
12M_2_p.bin.9.fa	6M_4.bin.16.fa
12M_2_p.bin.9.fa	3M_2_p.bin.3.fa
12M_2_p.bin.9.fa	6M_2.bin.5.fa
12M_2_p.bin.9.fa	3M_1_p.bin.10.fa
12M_2_p.bin.9.fa	3M_4_p.bin.16.fa
1M_6_p.bin.14.fa	1M_6_p.bin.14.fa
1M_6_p.bin.14.fa	0M_6_p.bin.22.fa
6M_3.bin.1.fa	6M_3.bin.1.fa
6M_3.bin.1.fa	3M_3_p.bin.11.fa
1M_4_p.bin.17.fa	1M_4_p.bin.17.fa
1M_4_p.bin.17.fa	3M_4_p.bin.9.fa
1M_4_p.bin.17.fa	3M_3_p.bin.2.fa
1M_4_p.bin.17.fa	1M_5_p.bin.34.fa
0M_6_p.bin.4.fa	0M_6_p.bin.4.fa
0M_4_p.bin.23.fa	0M_4_p.bin.23.fa
3M_2_p.bin.13.fa	3M_2_p.bin.13.fa
3M_2_p.bin.13.fa	3M_4_p.bin.2.fa
3M_2_p.bin.13.fa	Me_4_p.bin.2.fa
3M_2_p.bin.13.fa	0M_4_p.bin.4.fa
3M_2_p.bin.13.fa	6M_4.bin.11.fa
3M_2_p.bin.13.fa	0M_5_p.bin.4.fa
3M_2_p.bin.13.fa	6M_2.bin.4.fa
3M_2_p.bin.13.fa	6M_5.bin.3.fa
3M_2_p.bin.13.fa	Me_6_p.bin.8.fa
3M_2_p.bin.13.fa	12M_2_p.bin.4.fa
3M_2_p.bin.13.fa	1M_4_p.bin.9.fa
3M_2_p.bin.13.fa	0M_2_p.bin.1.fa
0M_1_p.bin.18.fa	0M_1_p.bin.18.fa
0M_1_p.bin.18.fa	1M_1_p.bin.10.fa
0M_1_p.bin.18.fa	12M_1_p.bin.13.fa
0M_1_p.bin.18.fa	Me_4_p.bin.3.fa
0M_1_p.bin.18.fa	Me_1_p.bin.7.fa
0M_1_p.bin.18.fa	6M_1.bin.1.fa
0M_1_p.bin.18.fa	3M_1_p.bin.11.fa
0M_1_p.bin.18.fa	0M_4_p.bin.24.fa
0M_1_p.bin.18.fa	1M_6_p.bin.10.fa
0M_1_p.bin.18.fa	0M_6_p.bin.5.fa
0M_1_p.bin.18.fa	6M_4.bin.15.fa
1M_3_p.bin.29.fa	1M_3_p.bin.29.fa
1M_3_p.bin.29.fa	12M_3_p.bin.24.fa
1M_3_p.bin.29.fa	0M_3_p.bin.25.fa
1M_3_p.bin.29.fa	3M_3_p.bin.5.fa
6M_4.bin.14.fa	6M_4.bin.14.fa
6M_4.bin.14.fa	3M_4_p.bin.7.fa
6M_4.bin.14.fa	Me_1_p.bin.4.fa
6M_4.bin.14.fa	0M_4_p.bin.5.fa
6M_4.bin.14.fa	Me_4_p.bin.12.fa
6M_4.bin.14.fa	1M_4_p.bin.18.fa
6M_4.bin.14.fa	12M_6_p.bin.10.fa
6M_4.bin.14.fa	12M_1_p.bin.5.fa
6M_4.bin.14.fa	1M_1_p.bin.7.fa
6M_4.bin.14.fa	6M_1.bin.6.fa
6M_4.bin.14.fa	3M_1_p.bin.6.fa
6M_4.bin.14.fa	1M_6_p.bin.13.fa
6M_4.bin.14.fa	0M_6_p.bin.14.fa
6M_4.bin.14.fa	Me_6_p.bin.6.fa
3M_1_p.bin.9.fa	3M_1_p.bin.9.fa
1M_5_p.bin.40.fa	1M_5_p.bin.40.fa
1M_5_p.bin.40.fa	Me_5_p.bin.7.fa
1M_5_p.bin.40.fa	0M_6_p.bin.8.fa
1M_5_p.bin.40.fa	0M_1_p.bin.12.fa
1M_5_p.bin.40.fa	3M_1_p.bin.8.fa
1M_5_p.bin.40.fa	1M_1_p.bin.11.fa
1M_5_p.bin.40.fa	12M_5_p.bin.7.fa
1M_5_p.bin.40.fa	6M_5.bin.4.fa
1M_5_p.bin.40.fa	0M_5_p.bin.35.fa
1M_5_p.bin.40.fa	1M_6_p.bin.17.fa
0M_5_p.bin.10.fa	0M_5_p.bin.10.fa
0M_5_p.bin.10.fa	1M_4_p.bin.5.fa
0M_5_p.bin.10.fa	0M_4_p.bin.8.fa
0M_5_p.bin.10.fa	12M_5_p.bin.15.fa
0M_5_p.bin.10.fa	3M_4_p.bin.4.fa
0M_5_p.bin.10.fa	Me_6_p.bin.5.fa
0M_5_p.bin.10.fa	6M_4.bin.12.fa
0M_5_p.bin.10.fa	1M_5_p.bin.14.fa
0M_5_p.bin.10.fa	12M_6_p.bin.13.fa
0M_5_p.bin.10.fa	Me_4_p.bin.8.fa
0M_5_p.bin.10.fa	12M_1_p.bin.16.fa
0M_5_p.bin.13.fa	0M_5_p.bin.13.fa
0M_5_p.bin.13.fa	12M_5_p.bin.20.fa
0M_5_p.bin.13.fa	3M_1_p.bin.13.fa
0M_5_p.bin.13.fa	12M_1_p.bin.17.fa
0M_5_p.bin.13.fa	Me_1_p.bin.5.fa
0M_5_p.bin.13.fa	6M_5.bin.8.fa
0M_5_p.bin.13.fa	1M_1_p.bin.5.fa
0M_5_p.bin.13.fa	Me_5_p.bin.17.fa
0M_5_p.bin.13.fa	6M_1.bin.15.fa
0M_5_p.bin.13.fa	1M_5_p.bin.24.fa
0M_5_p.bin.13.fa	1M_6_p.bin.15.fa
Me_5_p.bin.9.fa	Me_5_p.bin.9.fa
Me_5_p.bin.9.fa	1M_1_p.bin.15.fa
Me_5_p.bin.9.fa	0M_2_p.bin.6.fa
Me_5_p.bin.9.fa	6M_1.bin.14.fa
Me_5_p.bin.9.fa	12M_1_p.bin.3.fa
Me_5_p.bin.9.fa	1M_6_p.bin.18.fa
Me_5_p.bin.9.fa	3M_1_p.bin.15.fa
Me_5_p.bin.9.fa	0M_4_p.bin.22.fa
Me_5_p.bin.9.fa	12M_2_p.bin.8.fa
Me_5_p.bin.9.fa	0M_1_p.bin.10.fa
Me_5_p.bin.9.fa	1M_4_p.bin.19.fa
Me_5_p.bin.9.fa	3M_4_p.bin.11.fa
Me_5_p.bin.9.fa	0M_6_p.bin.20.fa
Me_5_p.bin.9.fa	12M_6_p.bin.7.fa
Me_5_p.bin.9.fa	6M_3.bin.18.fa
Me_5_p.bin.9.fa	1M_3_p.bin.25.fa
Me_5_p.bin.9.fa	6M_5.bin.18.fa
Me_5_p.bin.9.fa	1M_5_p.bin.27.fa
Me_5_p.bin.9.fa	12M_3_p.bin.10.fa
Me_5_p.bin.9.fa	0M_5_p.bin.21.fa
Me_5_p.bin.9.fa	0M_3_p.bin.19.fa
Me_5_p.bin.9.fa	Me_3_p.bin.8.fa
Me_5_p.bin.9.fa	3M_2_p.bin.6.fa
Me_5_p.bin.9.fa	12M_5_p.bin.12.fa
Me_5_p.bin.9.fa	Me_2_p.bin.13.fa
Me_5_p.bin.9.fa	6M_2.bin.9.fa
Me_5_p.bin.9.fa	Me_4_p.bin.11.fa
Me_5_p.bin.9.fa	6M_4.bin.18.fa
Me_5_p.bin.9.fa	Me_1_p.bin.3.fa
Me_5_p.bin.9.fa	1M_2_p.bin.7.fa
Me_5_p.bin.9.fa	3M_3_p.bin.17.fa
Me_5_p.bin.9.fa	Me_6_p.bin.16.fa
1M_6_p.bin.9.fa	1M_6_p.bin.9.fa
1M_6_p.bin.9.fa	Me_5_p.bin.8.fa
1M_6_p.bin.9.fa	0M_5_p.bin.37.fa
1M_6_p.bin.9.fa	6M_5.bin.16.fa
1M_6_p.bin.9.fa	0M_4_p.bin.7.fa
1M_6_p.bin.9.fa	0M_6_p.bin.2.fa
1M_6_p.bin.9.fa	6M_4.bin.1.fa
1M_6_p.bin.9.fa	1M_5_p.bin.22.fa
3M_1_p.bin.5.fa	3M_1_p.bin.5.fa
3M_1_p.bin.5.fa	Me_1_p.bin.2.fa
3M_1_p.bin.5.fa	1M_1_p.bin.4.fa
3M_1_p.bin.5.fa	0M_1_p.bin.13.fa
3M_1_p.bin.5.fa	6M_1.bin.8.fa
3M_1_p.bin.5.fa	1M_6_p.bin.16.fa
3M_1_p.bin.5.fa	12M_1_p.bin.14.fa
3M_1_p.bin.5.fa	12M_5_p.bin.23.fa
3M_1_p.bin.5.fa	1M_5_p.bin.11.fa
3M_1_p.bin.5.fa	0M_4_p.bin.12.fa
3M_1_p.bin.5.fa	6M_5.bin.10.fa
3M_1_p.bin.5.fa	Me_5_p.bin.5.fa
3M_1_p.bin.5.fa	0M_6_p.bin.1.fa
3M_1_p.bin.5.fa	0M_5_p.bin.36.fa
3M_1_p.bin.5.fa	Me_4_p.bin.9.fa
Me_6_p.bin.17.fa	Me_6_p.bin.17.fa
Me_6_p.bin.17.fa	3M_4_p.bin.10.fa
Me_6_p.bin.17.fa	12M_5_p.bin.11.fa
Me_6_p.bin.17.fa	0M_5_p.bin.23.fa
Me_6_p.bin.17.fa	6M_3.bin.15.fa
Me_6_p.bin.17.fa	0M_4_p.bin.10.fa
Me_6_p.bin.17.fa	6M_5.bin.27.fa
Me_6_p.bin.17.fa	6M_4.bin.2.fa
Me_6_p.bin.17.fa	0M_6_p.bin.11.fa
Me_6_p.bin.17.fa	12M_3_p.bin.7.fa
Me_6_p.bin.17.fa	0M_3_p.bin.22.fa
Me_6_p.bin.17.fa	1M_5_p.bin.6.fa
Me_6_p.bin.17.fa	12M_6_p.bin.8.fa
Me_6_p.bin.17.fa	1M_6_p.bin.2.fa
Me_6_p.bin.17.fa	Me_3_p.bin.7.fa
Me_6_p.bin.17.fa	1M_4_p.bin.14.fa
Me_6_p.bin.17.fa	1M_3_p.bin.11.fa
Me_6_p.bin.17.fa	3M_3_p.bin.1.fa
6M_5.bin.26.fa	6M_5.bin.26.fa
6M_5.bin.26.fa	0M_6_p.bin.16.fa
6M_5.bin.26.fa	1M_5_p.bin.18.fa
6M_5.bin.26.fa	6M_1.bin.11.fa
6M_5.bin.26.fa	12M_1_p.bin.8.fa
6M_5.bin.26.fa	1M_1_p.bin.8.fa
6M_5.bin.26.fa	0M_1_p.bin.3.fa
6M_5.bin.26.fa	12M_5_p.bin.22.fa
6M_5.bin.26.fa	0M_5_p.bin.17.fa
6M_5.bin.26.fa	1M_6_p.bin.21.fa
6M_5.bin.26.fa	Me_5_p.bin.15.fa
