	Me_1_p	Me_2_p	Me_3_p	Me_4_p	Me_5_p	Me_6_p	0M_1_p	0M_2_p	0M_3_p	0M_4_p	0M_5_p	0M_6_p	1M_1_p	1M_2_p	1M_3_p	1M_4_p	1M_5_p	1M_6_p	3M_1_p	3M_2_p	3M_3_p	3M_4_p	6M_1	6M_2	6M_3	6M_4	6M_5	12M_1_p	12M_2_p	12M_3_p	12M_5_p	12M_6_p
1M_6_p.bin.14	0	0	0	0	0	0	0	0	0	0	0	0.6044	0	0	0	0	0	1.228	0	0	0	0	0	0	0	0	0	0	0	0	0	0
1M_5_p.bin.40	0.1591	0.02099	0.009785	0.0137	26.14	0.2538	3.285	0.02952	0.01409	0.05703	15.93	11.58	0.9607	0.01449	0.01421	0.03168	15.72	13.93	0.833	0.01978	0	0.01318	1.76	0.008905	0	0.01785	14.81	1.629	0.02777	0.04035	23.86	0.05054
1M_3_p.bin.29	0	0	0.01174	0	0	0	0	0.3272	0.4827	0	0	0	0	0.1418	0.4365	0	0	0	0	0.2163	0.5703	0	0	0.1698	1.621	0	0	0	0.247	0.5899	0	0
1M_4_p.bin.21	0	0	0	0.3238	0.643	1.449	1.354	0	0.1922	0.8144	0.5437	1.207	1.498	0	0.1876	0.7552	0.5362	1.407	0.412	0	0	0.5257	0.5949	0	0	0.6532	0.3326	0.6582	0	0.161	0.2385	0.6882
1M_5_p.bin.23	0	0	0	0.06699	0.01076	0.258	0	0	0.2121	0.1809	0.3199	0.02215	0	0	0.2868	0.2127	0.4257	0.06381	0	0	0.2936	0.09209	0	0	0.07453	0.1521	0.3045	0.009939	0	0.1868	0.345	0.1576
3M_1_p.bin.5	7.751	0.02471	0.008779	0.2352	6.518	0.3726	5.43	0.04083	0.009427	0.3753	2.299	5.628	3.914	0.03198	0.008558	0.2904	3.316	5.808	1.607	0.03274	0	0.167	3.084	0.03463	0	0.1927	1.401	2.653	0	0.0114	1.98	0.2355
0M_1_p.bin.23	0	0.3823	0	0	0	0.03883	3.134	0.08497	1.793	0.178	0.05211	0.01967	0.454	0.1741	0.7942	0.07251	0.1376	0	0.1834	0.1592	0.1219	0	0.1957	0.3019	0.04056	0	0	0.1229	0.1971	0.06465	0	0
6M_5.bin.31	0	0	0	0	0.1244	0	0	0	0.1131	0	0.3307	0	0	0	0	0	0.4624	0	0	0	0	0	0	0	0	0	1.021	0.01484	0	0	0.9976	0
6M_5.bin.9	0	0	0	0	0	0	0	0	0	0	0.01729	0	0	0	0	0	0.03493	0	0	0	0	0	0	0	0	0	0.3222	0	0	0	0.1677	0
0M_5_p.bin.10	0.07892	0.07081	0.03259	80.22	0.1955	0.82	0.2464	0.1337	0.03469	11.91	9.432	0.1235	0.1069	0.0225	0.03386	20.71	9.924	0.1801	0.1499	0.008626	0.06744	7.763	0.2433	0.01746	0.02484	15.62	7.538	0.3671	0.02073	0.152	8.269	16.08
6M_5.bin.32	0	0	0	0	0.04482	0	0	0	0	0	1.041	0	0	0	0	0	0.4951	0	0	0	0	0	0	0	0	0	0.5203	0	0	0	0.3002	0
Me_3_p.bin.1	0	0	0.3891	0	0	0	0	0	0.5369	0	0	0	0	0	0.5737	0	0	0	0	0	0.3433	0	0	0	0.6214	0	0	0	0	0.4078	0	0
Me_6_p.bin.4	0	0	0	0	0	2.637	0	0	0.009568	0.01846	0.04972	29.05	0.07096	0.01251	0.0104	0.01683	0.08099	11.09	0.02853	0	0	0	0	0	0	0	0	0	0	0	0	0
Me_5_p.bin.3	0	0	0	0	1.002	0.0161	0	0	0	0	4.571	0.03769	0	0	0	0	1.913	0.02286	0	0	0	0	0	0	0	0	0.06629	0	0	0	0.03689	0
Me_2_p.bin.1	0	1.179	0	0	0	0.2738	0	0.2611	0	0	0	0.03131	0	0.2024	0	0	0	0.2317	0	1.485	0	0	0	0.2089	0	0	0	0	0.192	0	0	0
6M_3.bin.1	0	0	0	0	0	0	0	0	0.111	0	0.09762	0	0	0	0.1006	0	0.04596	0	0	0	0.3773	0	0	0	0.4917	0	0.06132	0	0	0.142	0.05108	0
0M_5_p.bin.11	0	0.04211	0	0	0.02696	0	0	0	0	0	0.3301	0	0	0	0	0	0.2603	0	0	0	0	0	0	0	0	0	0.1389	0	0	0	0.0991	0
3M_2_p.bin.13	0.02226	0.04155	0.01609	0.5838	0.01605	1.397	0.1566	1.106	0.05307	4.16	1.542	0.1127	0.2007	0.2749	0.05409	1.076	0.873	0.04049	0.06121	0.8166	0.05415	0.3996	0.09241	0.4128	0	0.4608	0.8524	0.1272	0.6654	0.09064	0.04083	0.9796
0M_1_p.bin.8	0	0.3444	0	0	0.7344	0.9024	0.7039	0.5185	0.1812	0.3783	0.493	0.8788	0.2347	0.3247	0.1802	0.275	0.5447	0.971	0.1396	0.4194	0	0.1158	0.2807	0.4918	0.1274	0.2462	0.3678	0.3054	0.3774	0	0.4753	0.1953
3M_3_p.bin.24	0	0	0	0	0	0	0	0	0.1073	0	0	0.02584	0	0.5079	0.09697	0	0.2373	0.05378	0.6752	0.2986	1.151	0.05865	0.2049	0.2486	0.06259	0	0.2429	0	0.2609	0.09951	0.2202	0
Me_3_p.bin.3	0	0	0.7864	0	0	0.03018	0	0.07499	2.371	0.02665	0.02349	0.02135	0	0.0611	2.464	0	0	0.04732	0	0.07302	1.75	0	0.03586	0.06678	2.338	0.02646	0	0.03418	0.07314	1.194	0.02986	0
0M_6_p.bin.4	0	0	0	0	0	0	0	0	0	0	0	3.116	0	0	0	0	0	0.7498	0	0	0	0	0	0.01417	0	0	0	0	0.01329	0	0	0
3M_3_p.bin.15	0	0	0.1008	0	0.03404	0	0	0	1.242	0	0.706	0	0	0	1.32	0	0.4838	0	0	0	0.8831	0	0	0	0.1309	0	0.2679	0.02233	0	1.314	0.2316	0
0M_5_p.bin.3	0	0	0	0	0.01322	0	0	0	0	0	0.652	0	0	0	0	0	0.2175	0	0	0	0	0	0	0	0	0	0.2637	0	0	0	0.1518	0
1M_4_p.bin.17	0	0	0	0	0	0.02534	3.328	0	0	0.04031	0	0.3107	0.7211	0	0	1.653	1.326	0.3587	2.964	0.01486	0.3429	3.25	0.3713	0.02228	0.009924	0.1037	0.3963	0.3033	0	0.1208	0.09074	0.06637
1M_3_p.bin.30	0	0	0.05565	0	0	0	0	0	0.6049	0	0.2035	0.02358	0	0	0.8565	0	0.2786	0.04489	0	0	0.7579	0	0	0	0.4751	0	0.492	0	0	0.3672	0.3679	0
0M_4_p.bin.3	0	0	0	0.2014	0	0	0	0	0.005122	9.642	0.238	0.01889	0	0.006475	0.006201	5.322	0.275	0	0	0	0	2.085	0.00812	0	0	4.231	0.2084	0.01017	0	0	0.06459	4.283
6M_5.bin.26	0.2486	0	0	0	7.217	0.3942	0.6997	0.01389	0.03705	0.3228	6.248	2.337	1.074	0.009543	0.03824	0.3252	5.722	3.266	0.4569	0.01049	0.01016	0.1009	0.8883	0	0	0.1842	2.711	1.042	0	0.01893	2.654	0.1531
0M_1_p.bin.18	68.59	0.08254	0.03742	5.016	0.3576	1.829	22.98	0.08423	0.01565	1.405	0.3613	5.172	22.12	0.0144	0.01259	0.8603	0.351	5.259	6.666	0.01068	0.01273	0.3468	9.231	0.02405	0.009837	0.5902	0.2474	9.86	0.00601	0.01395	0.1561	0.6459
3M_1_p.bin.9	0	0	0	0	0	0	0.04486	0	0	0	0	0	0.1159	0	0	0	0.005467	0.2622	2.076	0	0	0	0	0	0	0	0	0	0	0	0	0
0M_5_p.bin.13	15.01	0.02288	0.01052	0.1271	9.096	1.444	3.156	0.02446	0.008446	0.1265	4.615	3.747	8.078	0.008686	0.008102	0.09746	3.664	2.852	1.092	0.005828	0	0.0344	1.654	0	0	0.07126	1.48	1.806	0	0.00513	1.175	0.05766
0M_2_p.bin.2	0	0.7045	0	0	0	0.02876	0	3.354	0.004089	0	0	0	0	0.4812	0	0	0	0	0	0.9043	0	0	0	1.101	0	0	0	0	0.9296	0	0	0
12M_2_p.bin.7	0	0.3857	0	0	0	0	0.106	0.4875	0.1176	0	0	0	0	0.3523	0.1334	0	0	0	0.03868	0.9047	0.0426	0	0.0173	0.8039	0.03544	0	0	0.01411	0.628	0.03884	0	0
12M_2_p.bin.11	0.01011	7.715	0.02668	0.02093	0.02631	0.1493	0.01631	4.273	0.2203	0.5974	0.4298	0.4967	0	4.247	0.2468	0.3423	0.2579	0.5897	0	3.09	0.2056	0.5815	0	2.334	0.08684	0.2164	0.1576	0.0107	3.043	0.3775	0.03788	0.3445
6M_4.bin.14	2.948	0.04441	0.0198	10.6	3.671	52.31	2.708	0.1458	0.01771	13.59	2.333	20.75	1.646	0.0399	0.02041	7.42	2.165	21.04	0.5645	0.03874	0.007152	2.932	0.7912	0.06427	0.008389	6.692	0.6505	0.9198	0.01709	0.008693	0.5554	4.906
12M_3_p.bin.25	0	0	0	0	0	0	0	0	0.2741	0	0	0	0	0	0.3069	0	0	0	0	0	0.7662	0	0	0	0.1563	0	0	0	0	0.8357	0	0
0M_4_p.bin.23	0	0	0	0.04945	0	0.0896	0	0.07129	0	0.8845	0	0.2572	0	0.0561	0	0.2368	0	0.2841	0	0.1029	0	0.06568	0	0.2077	0	0.09191	0	0	0.1524	0	0	0.1747
6M_3.bin.5	0	0	0.2977	0	0	0	0.1169	0	6.282	0.01808	0.2546	0.03574	0.1209	0.07055	6.714	0.01405	0.3155	0	0.08761	0	5.683	0.1547	0.2882	0	3.604	0.05253	0.2776	0.2838	0	4.781	0.2203	0
Me_5_p.bin.9	0.48	30.12	3.43	1.194	2.127	19.31	27.93	70.88	7.742	24.63	27.97	2.241	51.03	67.12	6.427	43.91	33.56	4.466	29.59	71.75	12.26	21.78	73.32	64.84	4.388	44.5	39.1	73.6	68.57	11.61	41.11	45.4
6M_3.bin.6	0	0	0	0	0	0	0	0	2.095	0	0.03675	0.01183	0	0	1.552	0	0	0	0	0	0.7002	0	0	0	2.5	0	0	0	0	0.449	0	0
1M_1_p.bin.14	0.009778	0.01001	0	0	0	0.09483	13.06	0.009792	0.003984	0	0	0.05642	2.422	0	0	0.08705	0.4178	0.3393	48.04	0.05824	0.1313	0.2684	1.027	0	0	0.01234	0.8379	0.8741	0	0.03837	0.0366	0.008126
12M_5_p.bin.3	0	0	0	0	0	0	0	0	0	0	0.2232	0	0	0	0	0	0.3337	0	0	0	0.01452	0	0	0	0	0	1.103	0.007456	0	0.004882	1.518	0
12M_2_p.bin.9	0	0	0	0	0	0	0	0.5064	0.1002	0.1836	0.2721	0.07758	0.3191	23.08	0.08785	0.4367	1.108	0.1052	1.195	13.05	0.189	50.73	0.6255	22.55	0.1293	12.58	13.35	0.5753	21.75	0.1619	2.921	12.43
1M_4_p.bin.6	0	0	0	0	0	0	0	0	0.007608	0.6288	0.2986	0	0	0	0.01088	0.9485	0.3598	0	0	0	0	0.3942	0	0	0	0.735	0.07372	0	0	0	0.06235	0.4845
12M_1_p.bin.12	0	0	0	0	0	0	0.3997	0	1.025	0.2626	0.01849	0	0.2652	0	1.052	0.112	0	0	0.1234	0	0	0.06041	0.2818	0	0	0.1075	0	0.4028	0	1.22	0	0.1094
Me_5_p.bin.11	0	0	0	0	1.305	0.1361	0	0	0	0.03224	2.131	0	0	0	0	0	2.768	0.1704	0	0	0	0	0	0	0	0	1.205	0.03508	0	0.005979	1.733	0
6M_5.bin.29	0	0.08493	0	0	0	0	0	0.3065	0	0	0.1315	0.01121	0	0.1277	0	0	0.3169	0.02732	0	0.6795	0	0	0	0.2437	0	0	1.403	0.0106	0.1846	0	1.687	0
Me_6_p.bin.17	0.02168	0.02832	13.96	0.1566	0.01558	5.942	0.0374	0.03159	39.58	0.3636	0.4729	1.973	0.0759	0.08209	42.25	0.488	0.5623	6.918	0	0	61.08	0.4209	0.1846	0.08556	63.72	0.8571	0.9152	0.2185	0.04034	55.98	1.038	0.4397
12M_6_p.bin.5	0	0	0	0.1666	0	0	0	0	0.02089	1.936	0.1348	0	0	0	0.03278	2.185	0.1581	0	0	0	0.03687	0.7902	0	0	0	1.391	0.117	0.05831	0	0.04061	0.1127	1.773
6M_3.bin.17	0	0	0	0	0	0	0	0	0	0	0	0	0	0	0	0.03147	0	0	0	0	0.8345	0.1261	0	0	2.202	0.02328	0.01318	0.005742	0	1.461	0.01344	0
1M_6_p.bin.9	0	0	0.005926	0	4.584	0.6434	0.2268	0	0.01306	0.511	2.708	5.342	0.1725	0	0.01612	0.7413	2.208	9.117	0.05924	0.005995	0	0.34	0.08219	0	0	0.7862	0.7216	0.08809	0	0.007109	0.5873	0.7446
0M_3_p.bin.20	0	0	0	0.2652	0	0	0	0	2.259	1.276	0.06342	0.0179	0	0.0585	2.126	0.6483	0.06517	0	0	0	0.726	0.2386	0	0	0.6986	0.4607	0	0	0	0.659	0.06571	0.4038
0M_5_p.bin.18	0	0	0	0	0	0	0	0	0.0213	0	3.401	0	0	0	0.02092	0	1.563	0	0	0	0	0	0	0	0	0	0.0874	0	0	0.02081	0.04435	0
0M_3_p.bin.21	0	0	0	0.12	0	0	0	0	2.148	2.036	0.1038	0.02395	0	0.3309	1.071	0.4474	0	0	0	0	0.2925	0.177	0	0	1.71	0.308	0	0	0	0.2357	0	0.28
6M_4.bin.6	0	0	3.016	0.1503	0	0.055	0.0323	0	10.89	18.46	0.06263	0.09605	0.04694	0.03724	10.28	7.184	0.01548	0	0	0	3.682	4.117	0.04345	0.01676	2.758	6.278	0.02027	0.08043	0.01497	10.76	0.05074	5.714
0M_3_p.bin.12	0	0	0	0	0	0	0	0	1.955	0	0	0	0	0	1.884	0	0	0	0	0	0.121	0	0.005709	0	4.228	0	0	0	0	0.009126	0	0
1M_3_p.bin.27	0	0	0	0	0	0	0	0	0.6768	0	0	0	0	0	0.5764	0	0	0	0	0	1.391	0	0	0	2.027	0	0	0	0	0.4488	0	0
Me_3_p.bin.11	0	0	0.4056	0	0	0	0	0	0.2448	0	0	0	0	0	0.2158	0	0	0	0	0	0.0612	0	0	0	0	0	0	0	0	0.09025	0	0
0M_2_p.bin.11	0	0.4738	0	0	0	0.0493	0	3.042	0	0	0	0.03295	0	0.2025	0	0	0	0	0	0.5389	0	0	0	0.8177	0	0	0	0	0.3904	0	0	0
Me_3_p.bin.9	0	0	0.4993	0	0	0	0	0	1.653	0.02667	0.01801	0	0	0	1.505	0	0.01055	0	0	0	1.407	0	0	0	1.819	0.01385	0	0	0	0.7962	0.006967	0
0M_5_p.bin.27	0	0	0	0	2.378	0.04619	0	0	0	0	3.734	0.09457	0	0	0	0	3.331	0.1427	0	0	0	0	0	0	0	0	3.745	0.07699	0	0.008657	4.072	0.01422
0M_5_p.bin.28	0	0	0	0	0.08406	0.01935	0	0	0	0	0.9752	0	0	0	0	0	0.4904	0	0	0	0	0	0	0	0	0	0.2452	0	0	0	0.2057	0
6M_3.bin.9	0	0	0	0	0	0	0	0.01161	0.09641	0	0	0	0	0	0.09704	0	0	0	0	0	0.03162	0	0	0	0.3666	0	0	0	0	0.04313	0	0
F:Aspergillus	3.559	0.1829	74.42	0.143	32.67	1.765	8.99	0.2876	7.112	3.495	2.824	0.08871	3.401	0.02986	9.666	2.045	1.661	0.104	2.244	0.04518	0.9452	1.171	3.18	0.02742	0.5691	1.281	0.9878	2.712	0.01137	1.23	1.057	1.151
F:Penicillium	0.0442	55.94	0.03075	0.03052	0.9083	5.18	0.1039	9.987	0.01917	0.01585	0.03777	0.4724	0.01907	1.467	0.009376	0.0104	0.03684	0.6126	0.01787	4.542	0.008542	0.01113	0.02873	4.332	0.02523	0.01807	0.02292	0.023	1.882	0.008519	0.02093	0.0107
F:Rhizomucor	1.044	0.002329	0.001538	0.1317	0.01143	0.01699	0.5933	0.002412	0.002017	0.6534	0.8326	0.02184	0.2916	0.001582	0.001907	0.5873	0.4253	0.01502	0.2749	0.0007945	0.00137	0.4282	0.4701	0.002015	0.001487	0.5672	0.651	0.3867	0.002024	0.004234	0.5762	1.292
F:Pichia	0.002006	0.003493	2.296	0.002273	0.001681	0.02787	0.181	0.005531	6.132	0.009726	0.02137	0.02497	0.5262	0.01058	5.032	0.005582	0.007352	0.001609	0.2851	0.0004237	1.801	0.004464	0.8806	0.005259	1.713	0.006226	0.001868	0.4975	0.00099	1.352	0.008507	0.001337
F:Mucor	0.005226	1.088	0.003075	0.003106	0.002354	0.09931	0.0349	2.993	0.06573	0.04661	0.05427	3.003	0.01632	0.305	0.0453	0.05736	0.04491	6.47	0.01659	0.5378	0.06865	0.03594	0.02334	0.395	0.1863	0.07346	0.02917	0.02677	0.2178	0.1029	0.02552	0.1018
F:Lichtheimia	0.0009334	0.002329	0.08611	0.0005976	0.001009	1.858	0.004985	0.002552	0.6945	0.21	0.06178	0.2533	0.004701	0.001963	0.538	0.1588	0.06668	0.6912	0.008858	0.0005297	0.5131	0.07609	0.006281	0.00113	0.7331	0.1738	0.07724	0.006418	0.000858	0.7675	0.05311	0.3889
F:Wallemia	0.0007	0.006405	0.0007687	0.0003968	0.0003363	0.00701	0.8202	0.003403	0.09339	0.0116	0.062	0.001941	0.009925	0.0007813	0.3475	0.01286	0.02437	0.06204	0.05644	0.001695	0.09983	0.01932	0.00422	0.000983	0.03436	0.01424	0.008781	0.01623	0.00165	1.273	0.01774	0.003121
F:Thermoascus	0.0001867	0	0	0.1741	0.001681	0.001438	0.001301	0.0002836	0.0001442	0.1728	0.008844	0.0003088	0.0001306	0.0001143	0.0001589	0.05374	0.006451	0	2.963e-05	0	3.604e-05	0.02919	9.376e-05	4.915e-05	0.0002831	0.04565	0.003698	0.000151	4.4e-05	9.848e-05	0.003181	0.03299
F:Rhizopus	0.002286	0.03902	0.0007687	0.0007298	0.005381	0.006292	0.0195	0.09006	0.02709	0.02523	0.1476	0.07865	0.00888	0.00848	0.01971	0.03125	0.3034	0.1625	0.00797	0.01208	0.03151	0.02018	0.01495	0.009141	0.08054	0.03996	0.1099	0.01707	0.005521	0.04752	0.1213	0.05782
F:Debaryomyces	4.667e-05	0.092	0	4.409e-05	0	0.002787	0.00195	0.003121	0.04814	0.08427	0.02984	0.358	0.001175	0.00101	0.03655	0.01077	0.04185	0.6032	0.001037	0.003972	0.01557	0.003418	0	0.007323	0.002442	0.0006343	0.001656	0.0001888	0.003278	0.00448	0.001437	0.000414
F:Fusarium	0.0006534	0.6958	0.0007687	0.0009797	0.0006727	0.008088	0.001842	0.6137	0.001009	0.0002962	0.005496	0.001147	0.0003047	0.06081	0.0003179	0.0001841	0.003769	0.002682	0.0002666	0.1297	0.0002884	0.0001681	0.0001875	0.1107	0.0005308	0.0002819	0.001021	0.0001888	0.05992	0.0002463	0.001456	0
F:Zychaea	0.001447	0.004076	0.0007687	0.0004506	0	0.005393	0.01453	0.009503	0.02925	0.02088	0.02582	0.01941	0.007008	0.0007051	0.02114	0.02696	0.01718	0.04407	0.006607	0.0005297	0.03261	0.01758	0.01139	0.0005407	0.09648	0.03435	0.01535	0.01363	0.000308	0.05126	0.01351	0.04745
F:Thermomyces	0	0	0	3.429e-05	0	0	0	0	0.0001442	0.1466	0.000124	0.0002647	8.706e-05	0.0001143	0.0001589	0.02546	0	0	0	0	0	0.0207	9.376e-05	0	0.0001062	0.0297	5.777e-05	7.551e-05	4.4e-05	9.848e-05	3.832e-05	0.04649
F:Umbelopsis	0.0004201	0.0005823	0	0.0001519	0	0.001528	0.006502	0.0007091	0.01124	0.008195	0.01087	0.005866	0.002916	5.717e-05	0.008423	0.01193	0.006796	0.01332	0.002429	0	0.01276	0.007191	0.004454	9.83e-05	0.04046	0.01571	0.006201	0.006003	4.4e-05	0.0193	0.005461	0.01872
F:Diutina	0	0	0.02767	0	0	0.0003594	0.005203	0	0.06832	9.873e-05	0.0002067	0.0003088	0.02563	0.0001906	0.0569	9.202e-05	0.0001062	0	0.0138	0	0.01954	9.339e-05	0.0301	9.83e-05	0.01958	9.397e-05	5.777e-05	0.02658	0	0.01753	0.0001533	3.184e-05
F:Saccharomyces	0	0.004659	0	0	0	0	0	0.004821	0.06658	0.0001482	0.0002479	0.0006175	0.0002611	0.000305	0.06309	9.202e-05	2.654e-05	0	5.925e-05	0.0004237	0.03247	0	0.0002813	0.0003932	0.01862	7.048e-05	0	0.0003021	0.000286	0.02733	0.0001725	0
F:Gilbertella	0	0.02853	0	5.388e-05	0	0.001707	0	0.05743	0.0002883	0	0.0002892	0.02659	0	0.004269	0.0001589	9.202e-05	0.0006636	0.04675	0	0.002808	0.0001441	0	0	0.001965	0	0	0.0002119	0	0.001474	0.0001477	0.0001725	0
F:Cokeromyces	0	0.02794	0	5.388e-05	0	0.001438	0	0.058	0.0001442	4.937e-05	0.0002892	0.02647	0	0.004231	0	0	0.0007432	0.04434	2.963e-05	0.002595	0	0	0	0.001917	0	0	0.0001541	0	0.001694	9.848e-05	0.0001725	0
F:Lasiodiplodia	0.00224	0	0	0	0.001009	0.0002695	0.01431	0	0	0.005084	0.001735	0.0001323	0.009751	0	0	0.005123	0.0007167	0.0006257	0.006281	0	0	0.00396	0.006892	0	0	0.00639	0.0006162	0.007627	0	0	0.0008622	0.003471
F:Histoplasma	0.00168	0	0	0.000191	0.008408	0.0002695	0.01257	0	0	0.005529	0.001529	0	0.0074	0	0	0.00454	0.0006902	0.0004469	0.005125	0	0	0.003773	0.005485	0	0.001026	0.007425	0.000443	0.006079	0	0.0003939	0.0007856	0.004299
F:Diplodia	0.001027	0	0	0.0003478	0.0003363	0	0.005527	0	0	0.004789	0.0007439	0	0.003613	0	0	0.004111	0.0004247	0.0002682	0.002518	0	0	0.003064	0.002766	0	0	0.006766	0.0003082	0.003058	0	0	0.0005748	0.003502
F:Berkeleyomyces	0.0004667	0	0	0	0	0	0.005961	0	0	0.004986	0.0004959	0	0.003395	0	0	0.003742	0.0003186	0	0.002399	0	0	0.00282	0.001968	0	0	0.006531	0	0.002039	0	0	0	0.003789
F:Mycotypha	9.334e-05	0.009899	0	0	0	0.0005393	0.0005419	0.01971	0.0001442	0.0005924	0.0009506	0.009307	0.0003482	0.001258	0	0.0005521	0.0009556	0.01752	0.0001778	0.001059	0	0.0004296	0.0005626	0.0008355	7.078e-05	0.0008223	0.0005971	0.0005286	0.000616	4.924e-05	0.0005748	0.001337
F:Alternaria	0	0.02678	0	0	0	0.0003594	0.0005419	0.007942	0.0001442	0.0001975	0.0001654	0.0004852	0.0003047	0.00223	0	0.0001841	0.0002654	0.0005363	0.0001185	0.004662	0	9.339e-05	9.376e-05	0.009387	0.0001769	0.0003993	9.629e-05	0.0002265	0.002156	9.848e-05	0.0002108	0.0001592
F:Talaromyces	0.0003267	0.001747	0.001538	0.000142	0.002018	0.0001797	0.001842	0.0002836	0.0001442	0.002962	0.0003306	0	0.001132	5.717e-05	0.0001589	0.001994	0.0001327	8.939e-05	0.0008591	0.0001589	0	0.001643	0.0009376	0.0001475	0.000637	0.003383	7.703e-05	0.001133	8.8e-05	0.0001969	0.0001533	0.002802
F:Sclerotinia	0	0	0	0	0	8.987e-05	0	0.01588	0	9.873e-05	0	0.0001323	0	0.003659	0	3.067e-05	0	0.0004469	0	0.006303	0	0	0	0.003932	0	7.048e-05	0	0	0.0033	0	0	0.0001274
F:Hyphopichia	0	0.01165	0	0	0	8.987e-05	0	0.001135	0.01052	9.873e-05	0.0002067	4.411e-05	0	0.0006861	0.02019	3.067e-05	0.0001062	8.939e-05	0.001422	0.0008475	0.008434	5.604e-05	0	0.0007373	0.0004955	4.699e-05	0	0	0.000308	0.001821	0	0
F:Gloeophyllum	0	0	0	0	0	0	0	0	0	0	0	0	0	0	0	0	0	0	0	0	0	0	0	0	0	0	0.00287	0.005059	0.002221	0.002807	0.002645	0.001847
F:Aplosporella	0	0	0	0.0003576	0.002691	8.987e-05	0.0002168	0	0	0.002468	0.0002067	0	8.706e-05	0	0	0.001779	0.0001593	0	0	0	0	0.001438	4.688e-05	0	0	0.004111	0.0001348	7.551e-05	0	0	0.0001533	0.001688
F:Rasamsonia	0	0	0	0.0004653	0	0	0	0	0	0.002518	8.265e-05	0	0	0	0	0.001717	0.0001062	0	0	0	0	0.001065	0	0	0.0001416	0.003759	0.0001155	0	0	0	0.000115	0.001529
F:Coccidioides	0	0	0	0.0001029	0.0037	0	0.003143	0	0	0.00153	0.0003306	8.822e-05	0.001132	0	0	0.001258	0.0001859	0.0002682	0.0006814	0	0	0.001009	0.0005156	0	0.001699	0.002139	0.0001541	0.0004909	0	0.0005909	0.0001533	0.0009553
F:Brettanomyces	0	0	0.002306	0	0	0	0.0004336	0	0.00663	0	0	0	0.002437	0	0.005244	0	0	0	0.001215	0	0.001946	0	0.003281	0	0.002123	0	0	0.002757	0	0.001821	0	0
F:Botrytis	0	0	0	0	0.0003363	0	0	0.0008509	0	0.0008887	4.133e-05	0.003749	0	0.0003621	0	0.0005521	7.963e-05	0.009655	0	0.0004768	0	0.0005229	0	0.0005898	0	0.001269	7.703e-05	0	0.000176	0	0.000115	0.0006687
F:Rhodonia	0.0001867	0	0	0	0.001345	0	0.002168	0	0	0.0004937	0.0002892	0	0.001132	0	0	0.0004601	0.0001327	8.939e-05	0.0006222	0	0	0.0003736	0.0007031	0	0	0.0005639	0.0003852	0.002001	0	0	0.0004791	0.0008916
F:Ogataea	0	0	0.001538	0	0	0	0.0003251	0	0.004323	0	0	0	0.00148	0	0.003655	0	0	0	0.000711	0	0.001189	0	0.001922	0	0.001097	0	0	0.001586	0	0.001133	0	0
F:Pseudogymnoascus	0	0	0	0	0	0	0	0	0	0	0	0.004147	0	0	0	0	2.654e-05	0.01457	0	0	0	0	0	0	0	0	0	0	0	0	0	0
F:Clavispora	0	0	0	0	0	0	0	0	0.003459	0	8.265e-05	0	0	0	0.002861	0	0	0	0	0	0.004794	0	0	0	0.0004955	0	0	0	0	0.002609	0	0
F:Daldinia	0	0	0	0	0.003363	0	0.001192	0	0	0.000543	8.265e-05	0	0.0003918	0	0	0.0004294	7.963e-05	0	0.0003555	0	0	0.0004296	0.0005156	0	0.001735	0.0006343	0.0001541	0.0006041	0	0.0004924	0.0001916	0.000414
F:Pestalotiopsis	0	0	0	0	0	0	0.001517	0.0005673	0	0.0006912	0.000124	0	0.0003047	0.0001143	0	0.0004908	0.0001327	0.0001788	5.925e-05	0.0003178	0	0.0005229	0.0002343	0.0001965	7.078e-05	0.0007753	0.0001348	0.0001888	0.00011	0	0.0007281	0.0007961
F:Trichosporon	0	0	0	0	0	0.0002695	0	0	0.009801	0	0	0	0	0	0.008741	0	5.309e-05	0	0	0	0.002884	0	0	0	7.078e-05	0	0	0	0	0.0006893	0	0
F:Scedosporium	0	0	0	0	0	0	0.0009755	0.0008509	0	0.0006912	0.0004133	0	0.0006095	3.811e-05	0	0.0004908	0.0001859	0	0.0002963	0.0001589	0	0.0002989	0.000422	9.83e-05	0	0.0003759	0.0002311	0.0001888	0	0	0.000594	0.0009235
F:Yamadazyma	0	0	0.001538	0	0	0	0.0002168	0	0.002162	0	0	0	0.001393	0	0.001748	0	0	0	0.0005925	0	0.0004325	0	0.001922	0	0.0008848	0	0	0.001435	0	0.0005909	0	0
F:Halteromyces	0	0.002329	0	0	0	0.0005393	0	0.005106	0.0001442	0	8.265e-05	0.002162	0	0.000343	0	0	5.309e-05	0.004113	0	0.0002119	7.208e-05	0	0	0.0001965	7.078e-05	4.699e-05	5.777e-05	0	0.000154	0.0001477	3.832e-05	6.369e-05
F:Pleurotus	0	0	0.0007687	0	0	0	0.0001084	0	0.001153	0	0	0	0.0004788	0	0.0009535	0	0	0	0.000237	0	0.0002884	0	0.0005626	0	0.0004247	0	0	0.003171	0	0.001575	0	0
F:Phycomyces	0	0.001747	0	0	0	0.0001797	0	0.003261	0.0001442	0	8.265e-05	0.001632	0	0.0002096	0	0	0.0002389	0.003218	0	0.0001589	0.0001441	0	0	0.0001475	0.000637	0	7.703e-05	0	0.00011	0.0002955	7.664e-05	6.369e-05
F:Colletotrichum	0	0.002329	0	0	0.0003363	0	0.0002168	0.0005673	0	9.873e-05	0	0.0002206	8.706e-05	3.811e-05	0	6.134e-05	5.309e-05	0.0003577	0.0003852	0.0001589	0	0	0.0001407	0.0001475	0.0004247	0.000188	0.0002696	7.551e-05	8.8e-05	0.0001477	0.0001342	9.553e-05
F:Cenococcum	0	0	0	5.878e-05	0	0	0	0	0	0.0004443	0	0	0	0	0	0.0004294	0	0	0	0	0	0.0002802	0	0	0	0.0007988	0	0	0	0	0	0.0003821
F:Hansenula	0	0.001165	0	0	0	0.0001797	0.0001084	0.0002836	0	0	0.0002067	0.0003529	0	0	0	0	7.963e-05	0.002146	0.0001778	0.0001059	7.208e-05	5.604e-05	0	0.0008847	3.539e-05	0	9.629e-05	0	0.00011	4.924e-05	7.664e-05	0
F:Morchella	0	0	0	7.348e-05	0	0	0	0	0	0.000543	0	0	0	0	0	0.0004294	0	0	0	0	0	0.0002055	0	0	0	0.0007283	0	0	0	0	0	0.0003502
F:Malassezia	0	0	0	0	0	0	0.0001084	0	0	0	8.265e-05	0.0002206	0.0001306	0	0	0.0001227	0.0001327	0.0005363	0.0001778	0	0.0003604	3.736e-05	0.0001875	0	0.0001062	0.0001644	0.0001733	0.0003398	0	0.0002955	0.000115	0.0001592
F:Exophiala	0	0.0005823	0	0	0	0	0	0	0	0	0	0	0	0	0	0	0	0.0008939	0	0	0	0	0	0	0.0001416	0	0.0005584	0	0	0.0003939	0.0003258	0.0005413
F:Bipolaris	0	0.0005823	0	0	0	0	0	0	0	0.0004937	0	0	0	0	0	0.0003374	0	0	0	0	0	0.0004296	4.688e-05	0	0	0.0006343	0	0	0	0	0	0.0003502
F:Didymella	0	0.008735	0	0	0	0	0	0.0005673	0	0	0	0	0	0.0001525	0	0	0	0	0	0.0004237	0	0	0.0005156	0.0007865	0	0	0	0.0004153	0.00011	0	0	0
F:Zygotorulaspora	0	0	0.0007687	0	0	0	0.0001084	0	0.0008648	0	0	0	0.0003918	0	0.0004768	0	0	0	0.0002666	0	0.0002163	0	0.0007031	0	0.0002831	0	0	0.0004909	0	0.0001969	0	0
F:Paecilomyces	0	0	0.001538	8.327e-05	0.0003363	0	0.0001084	0	0.0001442	9.873e-05	0	0	0	0	0.0001589	0.0001841	0	0	5.925e-05	0	0	0.0002242	0	0	0.0004247	0.0001644	0	0	0	9.848e-05	0	0.0002228
F:Cladosporium	0	0.005823	0	0	0	0.0001797	0.002384	0.0002836	0	0	0	0.0004852	0	0	0	0	0	0.0002682	0	0.0001059	0	0	0	0	0	0	0	0	0	0	0.0003066	9.553e-05
F:Chaetomium	0	0	0.001538	0	0.001681	0	0.001192	0	0.0002883	0	0.0002067	0	0.0004353	0	0.0004768	0	0.0001062	0	0.0003259	0	0	0	0	0	0	0	0	0	0	0	0	0
F:Radiomyces	0	0.0005823	0	0	0	0.0001797	0	0.0005673	0	0	0	0.0007058	0	0	0	0	0	0.001877	0	5.297e-05	0	0	0	0	0	0	0	0	0	9.848e-05	0	6.369e-05
F:Blastomyces	4.667e-05	0	0	0	0.0003363	0	0.0003251	0	0	0.0001482	8.265e-05	0	0.0001306	0	0	0.0001227	2.654e-05	0	0.0001481	0	0	9.339e-05	0.0001875	0	0	0.000188	0	0.0001888	0	0	0	9.553e-05
F:Apiospora	0	0	0	0	0.002354	0	0.0006502	0.0001418	0	4.937e-05	4.133e-05	0.0001323	0.0001306	0	0	0	5.309e-05	0.0002682	5.925e-05	5.297e-05	0	0	4.688e-05	0	0	0	5.777e-05	0	4.4e-05	0	5.748e-05	3.184e-05
F:Ascochyta	0	0.005823	0	0	0	0	0	0.0004255	0	0	0	0	0	0	0	0	0	0	0	0.0003708	0	0	0	0.0005407	0	0	0	0	0.000154	0	0	0
F:Boeremia	0	0.006987	0	0	0	0	0	0.0004255	0	0	0	0	0	0	0	0	0	0	0	0.0002648	0	0	0	0.000295	0	0	0	0	0.000198	0	0	0
F:Meyerozyma	0	0	0	0	0	0.0002695	0	0	0	0	0	0.0006617	0	0	0	0	7.963e-05	0.001073	0	0	3.604e-05	0	0	0	0	0	0	0	0	0	0	0
F:Suillus	0	0	0	0	0	0	0	0.0001418	0	0	0	0	0	0	0	0	0	8.939e-05	0	0	0	0	0	0	0	0	0.0002889	0.000151	0.00022	4.924e-05	0	0
F:Lodderomyces	0	0	0	0	0	0.0001797	0	0.0001418	0.0004323	0	0	0.0001764	4.353e-05	0	0.0001589	0	0	0.0003577	2.963e-05	0	0.0001081	0	0.0001407	0	7.078e-05	0	0	0.0001888	0	9.848e-05	0	0
F:Trametes	0	0	0	0	0	0	0	0	0	0	0	0	0	0	0	0	0	0	0	0	0	0	0	0	0	0	0	0.0003398	0.000396	0.0001477	0	0
F:Parastagonospora	0	0.0005823	0	0	0	0	0	0	0	0	0	0	0	0	0	0	0	0	0	0	0	0	0	9.83e-05	0.0007786	0	0	0	0	0.0001969	0	0
F:Lobosporangium	0	0.0005823	0	0	0	8.987e-05	0	0.0007091	0	0	0	0.0003529	0	5.717e-05	0	0	0	0.0008939	0	5.297e-05	0	0	0	0	0	0	0	0	0	0	0	0
F:Eremothecium	0	0	0	0	0	0	0	0.0008509	0	0	0	0.0004411	0	0	0	0	0	0.001162	0	0	0	0	0	0	0	0	0	0	0	0	0	0
F:Kwoniella	0	0	0	0	0	0	0	0.0002836	0	0	8.265e-05	0.0001323	4.353e-05	0	0	0	0	0.0003577	5.925e-05	0	0	0	4.688e-05	4.915e-05	0	0	0	0.000151	0.000154	0	0	0
F:Arthrobotrys	0	0	0	0	0	0	0	0	0	0	0	0	0	0	0	0	0	0	0.0002666	0	0	0	0.0004688	0	0.0002477	0	0	0	0	4.924e-05	0	0
F:Macroventuria	0	0.008152	0	0	0	0	0	0.0002836	0	0	0	0	0	0	0	0	0	0	0	0.0002648	0	0	0	0.0002458	0	0	0	0	0	0	0	0
F:Phaeoacremonium	0	0	0	0	0	0	0	0	0	0	0	0	0	0	0	0	0	0	0	0	0	0	0	0	0.0009201	0	0	0	0	0	0	0
F:Hypoxylon	0	0	0	0	0	0	0	0	0	0	4.133e-05	0	0	0	0	0	5.309e-05	0	0	0	0	0	0	0	0	0	0.0001733	0	0	0	0.0002299	0
F:Epithele	0	0	0	0	0	0	0	0	0	0	0	0	0	0	0	0	0	0	0	0	0	0	0	0	0	0	0.0002504	0.0002642	0	0.0001969	0	0
F:Lentinus	0	0	0	0	0	0	0	0	0	0	0	0	0	0	0	0	0	0	0	0	0	0	0	0	0	0	0	0.0002642	0	0.0001477	0.0002108	0
F:Aureobasidium	0	0.001165	0	0	0	0	0	0.0001418	0	0	0	0	0	0	0	0	5.309e-05	0	0	5.297e-05	7.208e-05	5.604e-05	0	0	0.0003186	0	0	0	0	0	0	3.184e-05
F:Diaporthe	0	0	0	0	0	0	0	0	0	0	4.133e-05	0	0	0	0	0	0	0.0002682	5.925e-05	0	0	0	0.0002343	0	0	0	0	0.0002642	0	9.848e-05	0	0
F:Ophidiomyces	0	0	0	0	0	0	0.0001084	0	0	0	0	0	8.706e-05	0	0	0	0	0	8.888e-05	0	0	0	0.0001407	0	7.078e-05	0	0	0.0001133	0	0	0	0.0001592
F:Sparassis	0	0	0	0	0	0	0	0	0	0	0	0	0	0	0	0	0	0	0	0	0	0	0	0	0	7.048e-05	0	0.0003021	0	0	0	0.0002548
F:Rhodotorula	0	0	0	0	0	0.0001797	0	0	0	0	4.133e-05	0	0	0	0	0	0.0001859	0.0001788	2.963e-05	0	0	0	0	0	0	0	0	0	0	0	7.664e-05	0
F:Trichoderma	0	0	0	0	0	0	0.0001084	0.0001418	0	0	0	0	0	0	0	0	0	0.0003577	5.925e-05	0	0	0	0.0001407	0	0.0002123	0	0	0	0	0	0	0
F:Metarhizium	0	0	0	0	0.001009	0	0.0002168	0	0	0	4.133e-05	8.822e-05	0.0001306	0	0	0	0	0.0001788	5.925e-05	0	0	0	0	0	0	0	0	0	0	0	0	0
F:Recurvomyces	0	0	0	0	0	0	0.0001084	0	0	0	0	8.822e-05	0.0002176	0	0	0	0	8.939e-05	0.0001481	0	0	0	0	0	0	0	0	0	0	0	0	0
F:Uncinocarpus	0	0	0	0	0	0	0.0006502	0	0	0	0	0	0.0002611	0	0	0	0	8.939e-05	0	0	0	0	0	0	0	0	0	0	0	0	0	0
F:Torulaspora	0	0	0	0	0	0	0	0	0.0001442	0	0	0	0	0	0.0001589	0	0	0	0	0	0.0002523	0	0	0	0	0	0	0	0	0.0001969	0	0
F:Scheffersomyces	0	0	0	0	0	0	0	0.0002836	0	4.937e-05	0	0.0001764	0	0	0	0	2.654e-05	0.0004469	0	0	0	0	0	0	0	0	0	0	0	0	0	0
F:Saccharomycodes	0	0	0	0	0	0	0	0.0005673	0	0	0	0.0001764	0	0	0	0	0	0.0003577	0	0	0	0	0	0	0	0	0	0	0	0	0	0
F:Orbilia	0.0001867	0	0	0	0	0	0	0	0	0	0	8.822e-05	0	0	0	0	0	8.939e-05	0.0001481	0	0	0	0	0	0	0	0	0	0	0	0	0
F:Sodiomyces	0	0	0	0	0	0	0	0.0001418	0	0	0	0.0002206	0	0	0	0	0	0.0001788	0	0	0	0	0	0	7.078e-05	0	0	0	0	0	0	0
F:Fomitopsis	0	0	0	0	0	0	0	0	0	0	0	0	0	0	0	0	0	0	0	0	0	0	0	0	0	0	0	0.0002265	0	0.0001969	0	0
F:Trichophyton	0	0	0	0	0.0003363	0	0	0	0	0	0	0	0	0	0	0	0	0	0	0	0	0	4.688e-05	0	0.0002831	0	0	0	0	0	0	0
F:Punctularia	0	0	0	0	0	0	0	0	0	0	0	0	0	0	0	0	0	0	0	0	0	0	0	0	0	0	0	0.0001133	0	9.848e-05	9.58e-05	0
F:Rhodofomes	0	0	0	0	0	0	0	0	0	0	0	0	0	0	0	0	0	0	0	0	0	0	0	0	0	0	0	0.0001133	0	0.0002955	0	0
F:Wickerhamiella	0	0	0	0	0	0	0	0	0	0	0	0	0	0	0	0	0	0	0	0	0	0	0	0	0	0	0.0001541	0	0	0	0	0
F:Rhizophagus	0	0	0	0	0	0	0	0.0002836	0	0	0	0.0001323	0	0	0	0	0	0.0002682	0	0	0	0	0	0	0	0	0	0	0	0	0	0
F:Henningerozyma	0	0	0	0	0	0	0	0.0002836	0	0	0	0.0001323	0	0	0	0	0	0.0002682	0	0	0	0	0	0	0	0	0	0	0	0	0	0
F:Dichomitus	0	0	0	0	0	0	0	0	0	0	0	0	0	0	0	0	0	0	0	0	0	0	0	0	0	0	0	0.0001888	0	0.0001477	0	0
F:Tetrapisispora	0	0	0	0	0	0	0	0	0	0	0	0	0	0	0	0	0	0	0	0	0	0	0	0	0.0002477	0	0	0	0	4.924e-05	0	0
F:Fonsecaea	0	0	0	0	0	0	0	0	0	0	0	0.0001323	0	0	0	0	0	0.0003577	0	0	0	0	0	0	0	0	0	0	0	0	0	0
F:Verticillium	0	0	0	0	0	0	0	0	0	0	0	0	0	0	0	0	0	0	0	0	0	0	0	0	0	9.397e-05	0	7.551e-05	0	0	0	0
F:Ustilaginoidea	0	0	0	0	0	0	0	0	0	0	0	0	0	0	0	0	0	0	0	0	0	0	0	0	0	0.0001175	0	0	0	0	0	0
F:Pisolithus	0	0	0	0	0	0	0	0	0	0	0	0	0	0	0	0	0	0	0	0	0	0	0	0	0	0	0	0	0	0.0002463	0	0
F:Cercospora	0	0	0	0	0	0	0	0	0	0	8.265e-05	8.822e-05	0	0	0.0001589	0	0	0	0	0	0	0	0	0	0	0	0	0	0	0	0	0
F:Serpula	0	0	0	0	0	0	0	0	0	0	0	0	0	0	0	0	0	0	0	0	0	0	0	0	0	0	0	0.000151	0	0	0	0
F:Magnusiomyces	0	0	0	0	0	0	0	0.0001418	0	0	0	4.411e-05	0	0	0	0	0	0.0001788	0	0	0	0	0	0	0	0	0	0	0	0	0	0
F:Paracoccidioides	0	0	0	0	0	0	0	0	0	0	0	0.0001323	0	0	0	0	0	8.939e-05	0	0	0	0	0	0	0	0	0	0	0	0	0	0
F:Ilyonectria	0	0.0005823	0	0	0.0003363	0	0	0.0001418	0	0	0	0	0	0	0	0	0	0	0	5.297e-05	0	0	0	0	0	0	0	0	0	0	0	0
F:Drepanopeziza	0	0	0	0	0	0	0	0	0	0	0	0	0	0	0	0	0	0.0003577	0	0	0	0	0	0	0	0	0	0	0	0	0	0
F:Cryptococcus	0	0	0	0	0	0	0	0	0	0	4.133e-05	0	0	0	0	0	0	0	0	0	0	0	9.376e-05	0	0	0	0	3.776e-05	0	0	0	0
F:Schizosaccharomyces	0	0	0	0	0.0003363	0	0	0.0001418	0	0	0	4.411e-05	0	0	0	0	0	8.939e-05	0	0	0	0	0	0	0	0	0	0	0	0	0	0
F:Sporobolomyces	0	0	0	0	0	0	0	0	0	0	0	0	0	0	0	0	0	0	0	0	0	0	0	0	0.0001416	0	0	0	0	0	0	0
F:Saccharomycopsis	0	0	0	0	0	0	0	0	0.0001442	0	0	0	0	0	0	0	0	0	0	0	0	0	9.376e-05	0	0	0	0	3.776e-05	0	0	0	0
F:Podospora	0	0	0	0	0	0	0	0.0001418	0	0	0	0	0	0	0	0	0	0	0	0	0	0	0	9.83e-05	0	0	0	0	0	0	0	0
F:Penicilliopsis	0	0	0	0	0	0	0	0	0	0	0	0	0	0	0	0	0	0	0	0	0	0	0	0	0.0001062	0	0	0	0	0	0	0
F:Filobasidium	0	0.001165	0	0	0	0	0	0	0	0	0	0	0	0	0	0	2.654e-05	0	0	0	0	0	0	0	0	0	0	0	0	0	0	0
F:Cladophialophora	0	0	0	0	0	0	0	0	0	0	0	0	0	0	0	0	0	0	0	0	0	0	0	0	0.0001062	0	0	0	0	0	0	0
F:Coprinopsis	0	0	0	0	0	0	0	0	0	0	0	0	0	0	0	0	0	0	0	0	0	0	0	0	0	0	0	0.0001133	0	0	0	0
F:Coniophora	0	0	0	0	0	0	0	0	0	0	0	0	0	0	0	0	0	0	0	0	0	0	0	0	0	0	0	7.551e-05	0	4.924e-05	0	0
F:Spathaspora	0	0	0	0	0	0	0	0	0	0	0	4.411e-05	0	0	0	0	0	0.0001788	0	0	0	0	0	0	0	0	0	0	0	0	0	0
F:Plenodomus	0	0.0005823	0	0	0	0	0	0	0	0	0	0	0	0	0	0	5.309e-05	0	0	0	0	0	0	0	0	0	0	0	0	0	0	0
F:Pneumocystis	0	0	0	0	0	0	0	0.0001418	0	0	0	4.411e-05	0	0	0	0	0	8.939e-05	0	0	0	0	0	0	0	0	0	0	0	0	0	0
F:Heterobasidion	0	0	0	0	0	0	0	0	0	0	0	0	0	0	0	0	0	0	0	0	0	0	0	0	0	0	0	0.0001133	0	0	0	0
F:Moesziomyces	0	0	0	0	0	0	0	0	0	0	0	0	0	0	0	0	0	0	0	0	0	0	0	0	0	0	5.777e-05	0	0	0	0	0
F:Lipomyces	4.667e-05	0	0	0	0	0	0	0.0001418	0	0	0	0	0	0	0	0	0	8.939e-05	0	0	0	0	0	0	0	0	0	0	0	0	0	0
F:Candida	0	0	0	0	0	0	0	0.0001418	0	0	0	0	0	0	0	0	0	8.939e-05	0	0	0	0	0	0	0	0	0	0	0	0	0	0
F:Trematosphaeria	0	0	0	0	0.0006727	0	0	0	0	0	0	0	0	0	0	0	0	0	0	0	0	0	0	0	0	0	0	0	0	0	0	0
F:Fibroporia	0	0	0	0	0	0	0	0	0	0	0	0	0	0	0	0	0	0	0	0	0	0	0	0	0	0	0	7.551e-05	0	0	0	0
F:Phialemonium	0	0	0	0	0.0006727	0	0	0	0	0	0	0	0	0	0	0	0	0	0	0	0	0	0	0	0	0	0	0	0	0	0	0
F:Schizophyllum	0	0	0	0	0	0	0	0	0	0	0	0	0	0	0	0	0	0	0	0	0	0	0	0	0	0	0	7.551e-05	0	0	0	0
F:Cadophora	0	0	0	0	0	0	0	0	0	0	0	0	0	0	0	0	0	0.0001788	0	0	0	0	0	0	0	0	0	0	0	0	0	0
F:Psilocybe	0	0	0	0	0	0	0	0	0	0	0	0	0	0	0	0	0	0	0	0	0	0	0	0	0	0	0	7.551e-05	0	0	0	0
F:Phyllosticta	0	0	0	0	0	0	0	0	0	0	0	0	0	0	0	0	0	0	0	0	0	0	0	0	7.078e-05	0	0	0	0	0	0	0
F:Stereum	0	0	0	0	0	0	0	0	0	0	0	0	0	0	0	0	0	0	0	0	0	0	0	0	0	0	0	7.551e-05	0	0	0	0
F:Priceomyces	0	0	0	0	0	0	0	0	0	0	0	0	0	0	0	0	0	8.939e-05	0	0	0	0	0	0	0	0	0	0	0	0	0	0
F:Candidozyma	0	0	0	0	0	0	0	0	0	0	0	0	0	0	0	0	0	8.939e-05	0	0	0	0	0	0	0	0	0	0	0	0	0	0
F:Ceratocystis	0	0	0	0	0	0	0	0.0001418	0	0	0	0	0	0	0	0	0	0	0	0	0	0	0	0	0	0	0	0	0	0	0	0
F:Calcarisporiella	0	0	0	0	0	0	0	0	0	0	0	0	0	0	0	0	0	8.939e-05	0	0	0	0	0	0	0	0	0	0	0	0	0	0
F:Neurospora	0	0	0	0	0.0003363	0	0	0	0	0	0	0	0	0	0	0	0	0	0	0	0	0	0	0	0	0	0	0	0	0	0	0
F:Letharia	0	0	0	0	0	0	0	0	0	0	0	0	0	0	0	0	0	0	0	0	0	0	0	0	3.539e-05	0	0	0	0	0	0	0
F:Mixia	0	0	0	0	0	0	0	0	0	0	0	0	0	0	0	0	0	0	2.963e-05	0	0	0	0	0	0	0	0	0	0	0	0	0
F:Dacryopinax	0	0	0	0	0	0	0	0	0	0	0	0	0	0	0	0	0	0	0	0	0	0	0	0	0	0	0	3.776e-05	0	0	0	0
F:Purpureocillium	0	0	0	0	0.0003363	0	0	0	0	0	0	0	0	0	0	0	0	0	0	0	0	0	0	0	0	0	0	0	0	0	0	0
F:Sugiyamaella	0	0	0	0	0	0	0	0	0	0	0	4.411e-05	0	0	0	0	0	0	0	0	0	0	0	0	0	0	0	0	0	0	0	0
F:Aaosphaeria	0	0	0	0	0	0	0	0	0	0	0	0	0	0	0	0	0	0	0	0	0	0	0	0	0	0	0	0	0	0	0	0
F:Mytilinidion	0	0	0	0	0	0	0	0	0	0	0	0	0	0	0	0	0	0	0	0	0	0	0	0	0	0	0	0	0	0	0	0
F:Lindgomyces	0	0	0	0	0	0	0	0	0	0	0	0	0	0	0	0	0	0	0	0	0	0	0	0	0	0	0	0	0	0	0	0
F:Dothidotthia	0	0	0	0	0	0	0	0	0	0	0	0	0	0	0	0	0	0	0	0	0	0	0	0	0	0	0	0	0	0	0	0
F:Dissoconium	0	0	0	0	0	0	0	0	0	0	0	0	0	0	0	0	0	0	0	0	0	0	0	0	0	0	0	0	0	0	0	0
F:Cucurbitaria	0	0	0	0	0	0	0	0	0	0	0	0	0	0	0	0	0	0	0	0	0	0	0	0	0	0	0	0	0	0	0	0
F:Eremomyces	0	0	0	0	0	0	0	0	0	0	0	0	0	0	0	0	0	0	0	0	0	0	0	0	0	0	0	0	0	0	0	0
F:Mycosarcoma	0	0	0	0	0	0	0	0	0	0	0	0	0	0	0	0	0	0	0	0	0	0	0	0	0	0	0	0	0	0	0	0
F:Neodothiora	0	0	0	0	0	0	0	0	0	0	0	0	0	0	0	0	0	0	0	0	0	0	0	0	0	0	0	0	0	0	0	0
F:Microsporum	0	0	0	0	0	0	0	0	0	0	0	0	0	0	0	0	0	0	0	0	0	0	0	0	0	0	0	0	0	0	0	0
F:Pochonia	0	0	0	0	0	0	0	0	0	0	0	0	0	0	0	0	0	0	0	0	0	0	0	0	0	0	0	0	0	0	0	0
F:Thyridium	0	0	0	0	0	0	0	0	0	0	0	0	0	0	0	0	0	0	0	0	0	0	0	0	0	0	0	0	0	0	0	0
F:Westerdykella	0	0	0	0	0	0	0	0	0	0	0	0	0	0	0	0	0	0	0	0	0	0	0	0	0	0	0	0	0	0	0	0
F:Venustampulla	0	0	0	0	0	0	0	0	0	0	0	0	0	0	0	0	0	0	0	0	0	0	0	0	0	0	0	0	0	0	0	0
