name	Me_1_p	Me_2_p	Me_3_p	Me_4_p	Me_5_p	Me_6_p	0M_1_p	0M_2_p	0M_3_p	0M_4_p	0M_5_p	0M_6_p	1M_1_p	1M_2_p	1M_3_p	1M_4_p	1M_5_p	1M_6_p	3M_1_p	3M_2_p	3M_3_p	3M_4_p	6M_1	6M_2	6M_3	6M_4	6M_5	12M_1_p	12M_2_p	12M_3_p	12M_5_p	12M_6_p
Penicillium solitum	0.02725	34.62	0.0223	0.0223	0.5117	1.93	0.06284	4.567	0.0122	0.007803	0.01075	0.2525	0.01199	0.9226	0.005491	0.004279	0.01124	0.2723	0.01159	2.734	0.004796	0.005732	0.01861	2.607	0.008013	0.009161	0.007269	0.01503	1.131	0.004259	0.004482	0.004723
Aspergillus oryzae	0.2657	0.05668	47.12	0.04789	3.343	0.247	2.379	0.07848	3.945	0.3097	1.099	0.02143	0.5183	0.01223	5.301	0.1835	0.6464	0.005942	0.327	0.01403	0.4968	0.09662	0.3746	0.006396	0.2945	0.1129	0.3814	0.4212	0.003149	0.6523	0.4316	0.1188
Aspergillus chevalieri	2.474	0.007803	0.004592	0.02172	2.104	0.0457	1.711	0.006304	0.003238	1.733	0.1475	0.00969	0.7516	0.001974	0.002921	0.8824	0.06049	0.01385	0.4545	0.0008864	0.001783	0.4576	0.7097	0.002206	0.00274	0.4849	0.02753	0.4028	0.0006232	0.001732	0.02703	0.3988
Rhizomucor pusillus	0.8622	0.001643	0.001312	0.1122	0.008277	0.006479	0.4338	0.00134	0.001511	0.5141	0.6205	0.01283	0.2315	0.001196	0.001402	0.4659	0.317	0.00734	0.2289	0.0005781	0.0009542	0.3209	0.3674	0.001507	0.001086	0.4284	0.4756	0.3014	0.001509	0.002978	0.4336	0.983
Pichia kudriavzevii	0.001657	0.002464	1.959	0.001939	0.001217	0.01063	0.1323	0.003152	4.593	0.007648	0.01592	0.01469	0.4177	0.007983	3.699	0.004424	0.005479	0.0007864	0.2374	0.0002698	1.255	0.003355	0.6884	0.003933	1.252	0.004714	0.001364	0.3879	0.000738	0.9508	0.006412	0.001017
Mucor velutinosus	0.004239	0.7294	0.002624	0.002556	0.001461	0.03702	0.02536	1.599	0.04901	0.03665	0.04024	1.74	0.01295	0.2248	0.0333	0.04546	0.03299	3.128	0.01376	0.3727	0.04781	0.02693	0.01824	0.2905	0.1362	0.0555	0.02119	0.02083	0.1583	0.07234	0.01902	0.07741
Aspergillus flavus	0.09473	0.02054	15.86	0.0185	2.909	0.09046	0.8747	0.0394	1.323	0.2573	0.741	0.008498	0.2009	0.004813	1.734	0.131	0.4296	0.00367	0.1293	0.009173	0.1486	0.05623	0.1371	0.004374	0.1059	0.07937	0.2582	0.139	0.001935	0.195	0.2705	0.09564
Lichtheimia ornata	0.0007708	0.001643	0.07347	0.0005129	0.0007303	0.7089	0.003645	0.001418	0.5203	0.1652	0.04603	0.1489	0.00373	0.001484	0.3955	0.126	0.04971	0.3379	0.007373	0.0003854	0.3576	0.05702	0.004908	0.0008455	0.5359	0.1313	0.05644	0.005001	0.0006396	0.5401	0.03997	0.2959
Aspergillus ruber	0.0622	0.006571	0.00328	0.007306	4.922	0.05636	0.4785	0.006856	0.001727	0.1543	0.0646	0.003653	0.2449	0.0005332	0.004556	0.1306	0.03588	0.01796	0.1553	0.0005396	0.0006529	0.0888	0.141	0.000772	0.0008531	0.1547	0.02251	0.1535	0.0002624	0.0006926	0.03425	0.09831
Aspergillus luchuensis	0.01954	0.0004107	0.002624	0.000196	0.0002434	0.001817	0.3576	0.0002364	0.0007556	0.05738	0.0007082	0.001943	0.5406	0.0003747	0.000701	0.1252	0.0005538	0.003714	0.3944	0.0004239	0.0006529	0.02779	0.5774	0.00125	0.00106	0.02499	0.0006046	0.5194	0.0002788	0.001074	0.0006773	0.02068
Aspergillus niger	0.002968	0.0004107	0.003936	0.0001835	0.0002434	0.001405	0.3434	0.0003152	0.0005397	0.1842	0.0004619	0.00127	0.2482	0.0003603	0.000701	0.1367	0.0003363	0.001442	0.2459	0.0002312	0.001381	0.1128	0.3353	0.0008455	0.001008	0.09328	0.0003937	0.2926	0.0002788	0.002009	0.0003891	0.1217
Aspergillus glaucus	0.01102	0.01848	0.005248	0.02525	10.32	0.2256	0.1639	0.009062	0.005829	0.02473	0.009914	0.0008291	0.01116	0.0004179	0.001986	0.004911	0.007576	0.00201	0.01497	0.0004239	0.0003766	0.003062	0.002564	0.0003308	0.0006463	0.002374	0.008056	0.001589	8.2e-05	0.0003463	0.006773	0.002979
Thermoascus crustaceus	0.0001542	0	0	0.1484	0.001217	0.0005485	0.0009509	0.0001576	0.000108	0.136	0.006589	0.0001814	0.0001036	8.646e-05	0.0001168	0.04264	0.004807	0	2.466e-05	0	2.511e-05	0.02188	7.326e-05	3.676e-05	0.0002068	0.03448	0.0027	0.0001177	3.28e-05	6.926e-05	0.002392	0.02509
Rhizopus delemar	0.00185	0.02382	0.0006559	0.0006213	0.003895	0.002262	0.01426	0.04373	0.02029	0.01984	0.1097	0.04355	0.007046	0.005778	0.01449	0.02477	0.2254	0.07523	0.006609	0.008363	0.02192	0.01511	0.01165	0.00647	0.05889	0.03016	0.08014	0.0133	0.003854	0.03338	0.09109	0.04396
Wallemia ichthyophaga	7.708e-05	0	0	0	0	0.0003428	0.07742	0.0001576	0.04912	0.007531	0.04542	0.0003887	0.005526	0.0001729	0.06028	0.006685	0.01533	0.02853	0.003329	0.0001156	0.03217	0.0138	0.001868	0.0001103	0.022	0.0103	0.004246	0.006678	0.000656	0.8772	0.01245	0.002156
Penicillium verrucosum	0.001041	1.424	0.0006559	0.001022	0.0112	0.00785	0.00317	0.2936	0.0005397	0.0001553	0.001355	0.003316	0.0007599	0.0532	0.0003505	0.0002431	0.001088	0.004194	0.0005179	0.1623	0.0003264	0.0003495	0.0009524	0.1806	0.0008531	0.0004253	0.0009983	0.0006767	0.07751	0.000277	0.0006773	0.0001695
Penicillium hordei	0.0008864	1.259	0.0006559	0.0008382	0.01095	0.00737	0.001823	0.2512	0.0004318	0.0001553	0.001601	0.002954	0.0001036	0.04696	0.0003505	0.0001702	0.001127	0.003626	0.0002219	0.1467	0.0002762	0.0002656	0.0002198	0.1651	0.001318	0.0004962	0.001083	0.0002059	0.06945	0.0004848	0.0006773	0.0001695
Penicillium crustosum	0.0008093	1.047	0.0006559	0.000834	0.03359	0.01378	0.001823	0.2166	0.0004318	0.0003106	0.003017	0.01096	0.0002072	0.04257	0.0002337	0.0002188	0.002077	0.01114	0.0003699	0.1267	0.0003264	0.0002656	0.0003297	0.1422	0.0006979	0.0004962	0.002615	0.0002354	0.06227	0.0002424	0.001628	0.0002422
Debaryomyces hansenii	3.854e-05	0.06325	0	3.753e-05	0	0.001028	0.001426	0.001734	0.03487	0.06355	0.02131	0.2019	0.000898	0.0007349	0.02594	0.008168	0.02979	0.2824	0.0008384	0.002813	0.0106	0.002446	0	0.00533	0.001732	0.0004607	0.001167	0.0001471	0.002411	0.003013	0.001066	0.0003149
Aspergillus welwitschiae	0.001272	0.0004107	0.007215	7.923e-05	0.0002434	0.0006856	0.1742	0.0001576	0.0005397	0.01079	0.000154	0.0009587	0.1131	0.0001297	0.0008178	0.007998	0.0001385	0.0006117	0.09696	0.0001156	0.001933	0.006571	0.1325	0.0002941	0.0005428	0.00505	0.0001547	0.1155	8.2e-05	0.003013	0.0001873	0.007145
Zychaea mexicana	0.001195	0.002875	0.0006559	0.0003836	0	0.002057	0.01062	0.00528	0.02191	0.01642	0.01924	0.0114	0.005561	0.0005332	0.01554	0.02139	0.0128	0.02154	0.005499	0.0003854	0.02275	0.01317	0.008901	0.0004044	0.07052	0.02594	0.01122	0.01062	0.0002296	0.03605	0.01016	0.03609
Wallemia mellicola	0.000501	0.004518	0	0.0003169	0.0002434	0.002331	0.5224	0.001734	0.02083	0.00163	0.0007698	0.0008032	0.002349	0.0004323	0.1952	0.003525	0.002829	0.001791	0.04367	0.001118	0.03739	0.000685	0.001429	0.0006249	0.003128	0.0004607	0.002193	0.006002	0.000574	0.01811	0.0009078	0.000218
Fusarium coffeatum	0.0004239	0.3848	0.0006559	0.0005838	0.0004869	0.002297	0.0009509	0.2359	0.0003238	0	3.079e-05	0.000285	0	0.02345	0	0	3.956e-05	0.0003495	0.0001233	0.05049	0.0001507	0	0	0.03691	0.000336	0.000124	0	8.826e-05	0.02419	0	0	0
Umbelopsis ramanniana	0.0003469	0.0004107	0	0.0001293	0	0.0005828	0.004754	0.000394	0.00842	0.006444	0.008098	0.003446	0.002314	4.323e-05	0.006192	0.009457	0.005064	0.006554	0.002022	0	0.008889	0.005396	0.00348	7.352e-05	0.02957	0.01187	0.004527	0.004678	3.28e-05	0.01357	0.004121	0.01427
Aspergillus fumigatus	0	0.0004107	0	0	0.0004869	0	7.924e-05	0	0.000108	0.0001165	0.02697	5.182e-05	6.908e-05	0	0.0001168	0	0.04803	0.0002621	0.0001233	0.0001156	0	0	0	0	0	0	0.01769	0.0001765	0.0001312	0.000277	0.01604	0.000218
Aspergillus piperis	0.001465	0	0.01312	0	0	0.0002057	0.02227	0	0.0009716	0.0033	3.079e-05	5.182e-05	0.03703	0	0.001168	0.007415	5.934e-05	0.0001311	0.02639	7.708e-05	0.0001255	0.0008388	0.04095	7.352e-05	0.0001292	0.0009214	0	0.03454	4.92e-05	0.0002078	0	0.001041
Diutina rugosa	0	0	0.02361	0	0	0.0001371	0.003804	0	0.05117	7.764e-05	0.000154	0.0001814	0.02034	0.0001441	0.04183	7.293e-05	7.912e-05	0	0.01149	0	0.01361	6.99e-05	0.02355	7.352e-05	0.01432	7.088e-05	4.218e-05	0.02071	0	0.01233	0.0001153	2.422e-05
Thermomyces dupontii	0	0	0	0	0	0	0	0	0	0.05757	6.158e-05	5.182e-05	3.454e-05	2.882e-05	0	0.01189	0	0	0	0	0	0.007214	0	0	7.755e-05	0.01184	2.812e-05	5.884e-05	0	6.926e-05	2.882e-05	0.0286
Mucor mucedo	7.708e-05	0.03778	0	9.174e-05	0	0.000857	0.0001585	0.06375	0.0002159	0	0.0002155	0.02441	0	0.00585	0	0	0.0004945	0.03469	4.932e-05	0.01873	0	0	0	0.004889	0	0	0.0001125	0	0.004149	0	0.0002017	0
Fusarium flagelliforme	7.708e-05	0.08501	0	0.0002127	0	0.0006856	0.0003962	0.08006	0.0002159	0	0	0.0003109	0	0.009554	0.0001168	0	7.912e-05	0.0005243	9.864e-05	0.0301	0	0	0	0.01434	0	0	0	0	0.01117	0	0	0
Thermomyces lanuginosus	0	0	0	0	0	0	0	0	0	0.05776	3.079e-05	7.773e-05	3.454e-05	5.764e-05	0	0.008338	0	0	0	0	0	0.00829	3.663e-05	0	0	0.0106	0	0	0	0	0	0.006782
Penicillium samsonianum	0.0001156	0.1499	0	0.0001418	0.007303	0.002811	0.000317	0.0305	0.000108	0	0.0003695	0.001477	0	0.006124	0	0	0.0002374	0.001398	4.932e-05	0.01888	0	0	7.326e-05	0.01948	0	0	0.0002671	2.942e-05	0.008626	6.926e-05	0.0001873	0
Saccharomyces cerevisiae	0	0.002875	0	0	0	0	0	0.0026	0.04933	0.0001165	0.0001847	0.0003627	0.0002072	0.0002306	0.04591	7.293e-05	1.978e-05	0	0	0.0003083	0.02242	0	0.0002198	0.0002941	0.01347	3.544e-05	0	0.0002354	0.0001968	0.01908	0.0001153	0
Penicillium mononematosum	7.708e-05	0.1285	0	6.672e-05	0.0009738	0.0007199	0.000317	0.02955	0.000108	0	0.0001847	0.0005441	0	0.005807	0	0	0.0001187	0.0004806	4.932e-05	0.01792	0	0	0	0.0204	0.0001809	0	0.0001125	0	0.008184	0	0.0001297	0
Penicillium rubens	0.004972	0.06325	0	0	0.0129	0.001063	0.002773	0.01363	0	0.0009317	0.006466	0.0001555	0.0009671	0.002118	0	0.0008752	0.006982	0.0002621	0.0008384	0.006706	0	0.0003355	0.001099	0.007609	0	0.0004784	0.001195	0.0007649	0.003559	0	0.005476	0
Fusarium graminearum	0	0.0004107	0	0	0	0	0	0.01576	0.000108	0	0.002125	0	0	0.009986	0	0	0.001404	0.0006117	0	0.007708	0	0	0	0.02393	0	0	0.0003234	0	0.005182	0	0.0003891	0
Penicillium expansum	7.708e-05	0.122	0	0.0001084	0.001948	0.0008227	0.0001585	0.02372	0	0	0.0002463	0.0001036	0	0.004741	0	0	0.0002374	0.0001311	0	0.01461	0	0	3.663e-05	0.01529	0	0	0.0001687	2.942e-05	0.006478	0	0.0001729	0
Gilbertella persicaria	0	0.02012	0	4.587e-05	0	0.0006513	0	0.03191	0.0002159	0	0.0002155	0.01565	0	0.003228	0.0001168	7.293e-05	0.0004945	0.02285	0	0.002043	0.0001004	0	0	0.00147	0	0	0.0001547	0	0.001099	0.0001039	0.0001297	0
Cokeromyces recurvatus	0	0.01971	0	4.587e-05	0	0.0005485	0	0.03223	0.000108	3.882e-05	0.0002155	0.01555	0	0.003213	0	0	0.0005538	0.02167	2.466e-05	0.001888	0	0	0	0.001434	0	0	0.0001125	0	0.001263	6.926e-05	0.0001297	0
Lasiodiplodia theobromae	0.00185	0	0	0	0.0007303	0.0001028	0.01046	0	0	0.003998	0.001293	0.0001036	0.007737	0	0	0.00406	0.0005341	0.0003058	0.005253	0	0	0.002964	0.005385	0	0	0.004838	0.0004499	0.005943	0	0	0.0006484	0.002664
Aspergillus brasiliensis	0.0006937	0.0004107	0.0006559	3.336e-05	0.001704	6.856e-05	0.01442	7.88e-05	0.000108	0.002562	0.0004619	7.773e-05	0.009464	0	0.0001168	0.002698	0.0002176	0.0002184	0.006708	3.854e-05	5.022e-05	0.002586	0.008388	7.352e-05	5.17e-05	0.002676	0.0001125	0.00962	4.92e-05	6.926e-05	0.0002306	0.001599
Aspergillus nidulans	0	0	0.001312	0	0.001217	0.0005828	0.0001585	0.0001576	0.000108	0.0007376	0.003325	0.003265	0	0	0.0001168	0.0006564	0.0018	0.0004369	0	7.708e-05	0	0.02023	7.326e-05	3.676e-05	0.0002843	0.0005316	0.0003515	0	0	0	0.0002161	0.0003391
Aspergillus pseudonomiae	0.001079	0.0004107	0.2132	0.0002502	0.003165	0.001097	0.008558	0.0002364	0.01835	0.0008152	0.001139	7.773e-05	0.001658	4.323e-05	0.02477	0.0004376	0.0008308	0	0.0007891	0	0.002411	0.0002936	0.001209	0	0.001396	0.0002835	0.0004921	0.001324	0	0.002978	0.0003603	0.0002906
Histoplasma mississippiense	0.001233	0	0	0	0.004869	0	0.006022	0	0	0.0033	0.001016	0	0.004628	0	0	0.002796	0.0004352	0	0.003724	0	0	0.002153	0.0037	0	0.0007497	0.003898	0.0002812	0.004148	0	0.000277	0.0004611	0.00247
Penicillium griseofulvum	7.708e-05	0.07105	0	5.004e-05	0.0007303	0.000617	0.0001585	0.0134	0	0	9.237e-05	0.0003368	0	0.002868	0	0	5.934e-05	0.0004806	0	0.009327	0	0	0	0.01033	0	0	7.03e-05	0	0.004182	0	4.323e-05	0
Penicillium roqueforti	0	0.03327	0	0	0.01728	0.0007884	0.0001585	0.007722	0	0.0005047	0.001201	0.001477	0	0.002032	0	0.0008022	0.00178	0.001485	0	0.006128	0	0	0	0.006801	0	0	0.0008295	0	0.003116	0	0.0003891	0.0008477
Penicillium concentricum	7.708e-05	0.0653	0	3.753e-05	0.001704	0.002502	0.0001585	0.01214	0	0	9.237e-05	0.0006478	0	0.002709	0	0	9.89e-05	0.0006553	0	0.007323	0	0	3.663e-05	0.007462	0	0	9.842e-05	0	0.003264	0	7.205e-05	0
Penicillium chrysogenum	0	0.03861	0	0	0.01412	0.0005828	0.0001585	0.007486	0	0	0.00117	0.0001036	0	0.001455	0	0	0.0009494	8.738e-05	0.0002466	0.005357	0	0	0	0.00511	0.004239	0	0.000928	0	0.002558	0.0002078	0.0008502	0
Aspergillus nomiae	0.0006166	0.0004107	0.124	0.0001334	0.003408	0.0007199	0.006815	0.0001576	0.01177	0.0003882	0.001663	7.773e-05	0.001174	0	0.0153	0.0002431	0.001009	0	0.0007151	3.854e-05	0.001657	0.0001258	0.001099	0	0.0009564	0.0002126	0.0006327	0.001206	0	0.002112	0.0007781	0.0001695
Aspergillus sydowii	0.0001156	0	0	0	0.01242	0.0002057	0.0007132	0.01308	0	0.002756	0.000585	0	0.0001382	0.0006917	0	0.001094	0.0004549	4.369e-05	0.000148	0.00397	0	0.0004893	0.0001099	0.00136	0.0001551	0.001045	0.0004218	8.826e-05	0.000738	0	0.002796	0.004311
Berkeleyomyces rouxiae	0.0003854	0	0	0	0	0	0.004358	0	0	0.00396	0.0004003	0	0.002694	0	0	0.00299	0.0002571	0	0.001997	0	0	0.002139	0.001575	0	0	0.004944	0	0.001589	0	0	0	0.002882
Mycotypha africana	7.708e-05	0.006982	0	0	0	0.0002057	0.0003962	0.01095	0.000108	0.0004658	0.0007082	0.005467	0.0002763	0.0009511	0	0.0004376	0.0007121	0.008563	0.000148	0.0007708	0	0.0003215	0.0004396	0.0006249	5.17e-05	0.0006202	0.0004359	0.0004119	0.0004592	3.463e-05	0.0004323	0.001017
Penicillium brevicompactum	3.854e-05	0.04928	0	0.0001126	0.001948	0.001166	7.924e-05	0.005831	0	0.0008152	0.0002155	0.0007514	0	0.001369	0	0.0007293	9.89e-05	0.0006553	0	0.004162	0	0.0005592	3.663e-05	0.00397	0	0.001258	0.0001265	0	0.001788	0	0.0001441	0.0009688
Penicillium vulpinum	3.854e-05	0.04846	0	6.672e-05	0.0009738	0.0009941	7.924e-05	0.009062	0	0	0.0001232	0.0004664	0	0.001859	0	0	9.89e-05	0.000568	0	0.00582	0	0	0	0.005955	0	0	7.03e-05	0	0.002608	0	4.323e-05	0
Aspergillus bombycis	0.0002312	0.0004107	0.0328	0	0.002434	0.0002057	0.003804	7.88e-05	0.00475	0.0003106	0.002155	5.182e-05	0.001036	0	0.005842	0.0004862	0.001543	0	0.0007151	0	0.00103	0.0003215	0.001465	0	0.0007755	0.0003367	0.000942	0.001677	0	0.00142	0.001282	0.0002906
Debaryomyces fabryi	0	0.001643	0	0	0	3.428e-05	0	0	0.001187	0.002756	0.0009237	0.008576	0	2.882e-05	0.0009346	0.000389	0.001424	0.01258	0	7.708e-05	0.0002511	0.0001118	0	0.000147	5.17e-05	0	5.624e-05	0	3.28e-05	0.0001385	0	0
Diplodia seriata	0.0008479	0	0	0	0.0002434	0	0.003883	0	0	0.001902	0.0005234	0	0.002798	0	0	0.001848	0.0002571	0.0001311	0.002071	0	0	0.001454	0.002051	0	0	0.002676	0.0001265	0.002236	0	0	0.000317	0.001259
Penicillium robsamsonii	3.854e-05	0.04518	0.0006559	0	0.0009738	0.000617	7.924e-05	0.009456	0.000108	0	9.237e-05	0.0001036	0	0.001672	0.0001168	0	9.89e-05	0.0001311	4.932e-05	0.005126	0	0	0	0.005257	0	0	8.436e-05	0	0.002444	0	4.323e-05	0
Penicillium psychrosexuale	0	0.03737	0	0	0.001461	0.0004114	0	0.008904	0	0.000427	0.0004311	0.0001036	0	0.001398	0	0	0.0004154	0.0001311	0	0.004586	0	0	0	0.00544	0	0	0.0003515	0	0.002263	0	0	0
Penicillium arizonense	3.854e-05	0.03655	0	0	0.001948	0.0003085	7.924e-05	0.008432	0	0	0	5.182e-05	0	0.001383	0	0	3.956e-05	4.369e-05	0	0.004702	0	0	0	0.004963	0	0	0	0	0.002181	0	0	0
Sclerotinia sclerotiorum	0	0	0	0	0	3.428e-05	0	0.008826	0	7.764e-05	0	7.773e-05	0	0.002767	0	2.431e-05	0	0.0002184	0	0.004586	0	0	0	0.002941	0	5.316e-05	0	0	0.00246	0	0	9.688e-05
Hyphopichia burtonii	0	0.008214	0	0	0	3.428e-05	0	0.0006304	0.00788	7.764e-05	0.000154	2.591e-05	0	0.0005188	0.01484	2.431e-05	7.912e-05	4.369e-05	0.001184	0.0006166	0.005876	4.194e-05	0	0.0005514	0.0003619	3.544e-05	0	0	0.0002296	0.001281	0	0
Penicillium paradoxum	0	0.02218	0	0	0.0002434	0.0004799	7.924e-05	0.004255	0	0	6.158e-05	0.001036	0	0.001398	0	0	3.956e-05	0.001136	0	0.004239	0	0	0	0.004448	0	0	0	0	0.002132	0	4.323e-05	0
Penicillium digitatum	3.854e-05	0.03984	0	0	0.0007303	0.0004114	7.924e-05	0.007407	0	0	3.079e-05	2.591e-05	0	0.001326	0	0	3.956e-05	4.369e-05	0	0.003854	0	0	0	0.004485	0	0	4.218e-05	0	0.001837	0	0	0
Gloeophyllum trabeum	0	0	0	0	0	0	0	0	0	0	0	0	0	0	0	0	0	0	0	0	0	0	0	0	0	0	0.002123	0.003942	0.001673	0.001974	0.001989	0.001405
Talaromyces stipitatus	0.0002312	0	0	0.0001042	0.0009738	0	0.001268	0	0	0.002057	0.0002463	0	0.000898	0	0	0.001507	9.89e-05	0	0.0006905	0	0	0.001132	0.0007326	0	0.0003877	0.002374	5.624e-05	0.0008532	0	0	0.0001153	0.001816
Fusarium pseudograminearum	0	0.0008214	0	0	0	0	0	0.002285	0	0	0.001693	0	0	0.001542	0	0	0.001147	0	0	0.002004	0	0	0	0.00408	0	0	0.0003515	0	0.001542	0	0.0005908	0
Aspergillus caelatus	0.0002698	0.0004107	0.04132	5.004e-05	0.005356	0.00024	0.002139	0.0003152	0.003994	0.000427	0.001386	0	0.0005181	4.323e-05	0.005374	0.000316	0.0008505	0	0.0002466	7.708e-05	0.0005022	0.0001398	0.0004029	3.676e-05	0.0003102	0.0001418	0.0005905	0.0004119	0	0.0005887	0.0005188	0.0001453
Aspergillus neoniger	0.0001156	0	0.0006559	0	0	0	0.002456	0	0	0.000427	0	0	0.003419	0	0.0001168	0.0008022	0	4.369e-05	0.002417	0	0	0.0001957	0.004103	0	0	0.0002481	0	0.003442	0	0	0	0.0001695
Aplosporella prunicola	0	0	0	0.0003044	0.001948	3.428e-05	0.0001585	0	0	0.001941	0.000154	0	6.908e-05	0	0	0.00141	0.0001187	0	0	0	0	0.001076	3.663e-05	0	0	0.003119	9.842e-05	5.884e-05	0	0	0.0001153	0.001284
Penicillium coprophilum	3.854e-05	0.02916	0	0	0.0004869	0.0003428	7.924e-05	0.005122	0	0	3.079e-05	2.591e-05	0	0.001095	0	0	3.956e-05	4.369e-05	0	0.003392	0	0	0	0.00386	0	0	0	0	0.001689	0	0	0
Aspergillus eucalypticola	0.0001156	0	0.0006559	0	0	0	0.002377	0	0.000108	0.0003882	0	0	0.003316	0	0.0001168	0.0007536	0	0	0.002441	0	0	0.0002237	0.00381	0	0	0.000124	0	0.003266	0	3.463e-05	0	0.0001211
Aspergillus tubingensis	0.0001542	0	0	0	0	0	0.002298	0	0	0.0006988	0	7.773e-05	0.003005	0	0	0.0007779	0	0.0001748	0.00217	0	0	0.0001957	0.00326	0	0	0.0005139	0	0.002854	0	0	0	0.0003149
Aspergillus costaricensis	0.0001542	0	0.0006559	0	0	0	0.001902	0	0.000108	0.0003494	0	0	0.003385	0	0.0001168	0.0005834	0	4.369e-05	0.002417	0	0	8.388e-05	0.004066	0	0	0.0001063	0	0.003266	0	0	0	9.688e-05
Penicillium antarcticum	0	0.02998	0	2.919e-05	0.005356	0.0004114	7.924e-05	0.00528	0	0	3.079e-05	5.182e-05	0	0.0009511	0	0	3.956e-05	8.738e-05	0	0.002852	0	0	0	0.003088	0.0002068	0	0	0	0.001214	0	0	0
Histoplasma capsulatum	0.0001542	0	0	0.0001585	0.001217	0.0001028	0.00317	0	0	0.001165	0.0002155	0	0.001209	0	0	0.0008995	0.0001187	0.0002184	0.0005425	0	0	0.0007409	0.0006593	0	0	0.001807	7.03e-05	0.0006472	0	0	0.0001585	0.0008477
Brettanomyces nanus	0	0	0.001968	0	0	0	0.000317	0	0.004966	0	0	0	0.001934	0	0.003855	0	0	0	0.001011	0	0.001356	0	0.002564	0	0.001551	0	0	0.002148	0	0.001281	0	0
Diplodia corticola	0	0	0	0.0002877	0	0	0.0001585	0	0	0.001863	0	0	6.908e-05	0	0	0.00141	5.934e-05	0	2.466e-05	0	0	0.0008388	0.0001099	0	0	0.002445	9.842e-05	0.0001471	0	0	0.0001009	0.001405
Rhizopus microsporus	0	0.003696	0	0	0	0.0001371	0	0.006304	0	3.882e-05	0.0003387	0.002669	0	0.000634	0	0	0.0007121	0.004194	2.466e-05	0.0004239	0	0	0	0.0004044	0	0	0.0001828	0	0.0002788	3.463e-05	0.0002306	4.844e-05
Aspergillus vadensis	3.854e-05	0	0	0	0	0	0.001823	0	0	0.001126	0	0	0.001865	0	0	0.001045	0	0	0.001504	0	0	0.0006431	0.002454	0	0	0.0004962	0	0.002059	0	3.463e-05	0	0.0007508
Aspergillus pseudotamarii	0.0001927	0	0.02558	2.502e-05	0.005599	0.0001371	0.001664	0.0002364	0.002375	0.0005823	0.001416	0	0.0003109	0	0.002921	0.0002674	0.001009	0	0.0002713	7.708e-05	0.0002009	8.388e-05	0.000293	0	0.0001809	0.0001949	0.0005343	0.0002942	0	0.0003463	0.0005764	0.0002664
Aspergillus affinis	0.0003854	0.002054	0	5.838e-05	0.003165	6.856e-05	0.001585	0.0003152	0	0.0006599	0.0003387	0	0.000898	7.205e-05	0	0.0006078	0.0001978	8.738e-05	0.0005179	0.0002312	0	0.0004194	0.0005494	0.0002573	0.0006979	0.0008151	8.436e-05	0.0005001	9.84e-05	0.0001039	0.0001873	0.0003633
Aspergillus fischeri	0	0	0.001312	0	0.002434	0	0.002773	0	0.0002159	0.0003882	0.0004619	0	0.001554	0	0.0002337	0	0.0006132	0	0.001011	0	0	0	0.001172	0	0	0	0.0003093	0.001147	0	0	0.0002594	0
Rhodonia placenta	0.0001542	0	0	0	0.0009738	0	0.001585	0	0	0.0003882	0.0002463	0	0.000898	0	0	0.0003647	9.89e-05	8.738e-05	0.0005179	0	0	0.0002796	0.0005494	0	0	0.0004253	0.0002812	0.001559	0	0	0.0003603	0.0006782
Penicillium canescens	0	0.01479	0	0	0.003652	0.0002742	7.924e-05	0.003231	0	0	6.158e-05	0	0	0.0006052	0	0	3.956e-05	4.369e-05	0	0.001811	0	0	0	0.001912	0	0	0	0	0.0008036	0	0	0
Ogataea haglerorum	0	0	0.001312	0	0	0	0.0002377	0	0.003238	0	0	0	0.001174	0	0.002687	0	0	0	0.0005918	0	0.0008286	0	0.001502	0	0.0007755	0	0	0.001236	0	0.0007965	0	0
Aspergillus puulaauensis	3.854e-05	0.0008214	0	0	0.001461	6.856e-05	0.01173	0.001418	0.000108	7.764e-05	0.0001847	0	0.0001036	0.0003458	0	7.293e-05	1.978e-05	0	7.398e-05	0.001002	0	0	0.0001099	0.0005514	0.0001034	0	0	0.0001177	0.000164	0	0	0
Alternaria alternata	0	0.008214	0	0	0	0	0	0.002128	0	0	0	0	0	0.0008214	0	0	0	0	0	0.001503	0	0	0	0.003419	0	0	0	0	0.0007052	0	0	0
Rasamsonia emersonii	0	0	0	0.000221	0	0	0	0	0	0.001126	3.079e-05	0	0	0	0	0.0007779	3.956e-05	0	0	0	0	0.0004334	0	0	0	0.001542	5.624e-05	0	0	0	4.323e-05	0.0006297
Penicillium soppii	0	0.01561	0	0	0.001704	0.0003428	0	0.002679	0	3.882e-05	0	5.182e-05	0	0.0004899	0	0	0	4.369e-05	0	0.001657	0	0	0	0.001544	5.17e-05	0	0	0	0.0007216	0	0	4.844e-05
Daldinia childiae	0	0	0	0	0.002434	0	0.0008716	0	0	0.000427	6.158e-05	0	0.0003109	0	0	0.0003403	5.934e-05	0	0.0002959	0	0	0.0003215	0.0004029	0	0.001422	0.0004784	0.0001265	0.0004707	0	0.0005194	0.0001585	0.0003149
Pseudogymnoascus destructans	0	0	0	0	0	0	0	0	0	0	0	0.00228	0	0	0	0	1.978e-05	0.006903	0	0	0	0	0	0	0	0	0	0	0	0	0	0
Clavispora lusitaniae	0	0	0	0	0	0	0	0	0.002591	0	6.158e-05	0	0	0	0.002103	0	0	0	0	0	0.00334	0	0	0	0.0003619	0	0	0	0	0.001835	0	0
Pestalotiopsis fici	0	0	0	0	0	0	0.001109	0.0003152	0	0.0005435	9.237e-05	0	0.0002418	8.646e-05	0	0.000389	9.89e-05	0.0001311	4.932e-05	0.0002312	0	0.0003914	0.0001831	0.000147	7.755e-05	0.0005848	0.0001125	0.0001471	8.2e-05	0	0.0005764	0.0006055
Alternaria postmessia	0	0.007393	0	0	0	0	0	0.001576	0	0	0	0	0	0.0005908	0	0	0.0001582	0	0	0.001349	0	0	0	0.002463	0	0	0	0	0.0006068	0	0	0
Trichosporon asahii	0	0	0	0	0	0.0001028	0	0	0.007341	0	0	0	0	0	0.006426	0	3.956e-05	0	0	0	0.002009	0	0	0	5.17e-05	0	0	0	0	0.0004848	0	0
Rasamsonia byssochlamydoides	0	0	0	0.0001751	0	0	0	0	0	0.0008929	3.079e-05	0	0	0	0	0.0005591	3.956e-05	0	0	0	0	0.0003635	0	0	7.755e-05	0.001311	2.812e-05	0	0	0	4.323e-05	0.0005328
Scedosporium apiospermum	0	0	0	0	0	0	0.0007132	0.0004728	0	0.0005435	0.0003079	0	0.0004836	2.882e-05	0	0.000389	0.0001385	0	0.0002466	0.0001156	0	0.0002237	0.0003297	7.352e-05	0	0.0002835	0.0001968	0.0001471	0	0	0.0004755	0.0007024
Yamadazyma tenuis	0	0	0.001312	0	0	0	0.0001585	0	0.001619	0	0	0	0.00114	0	0.001285	0	0	0	0.0004932	0	0.0003013	0	0.001502	0	0.0006463	0	0	0.001118	0	0.0004156	0	0
Fusarium sambucinum	0	0.0115	0	0	0	0	0	0.00197	0	0	0	0	0	0.0004755	0	0	0	0	0	0.001349	0	0	0	0.0009558	0	0	0	0	0.000984	0	0	0
Botrytis cinerea	0	0	0	0	0	0	0	0.0004728	0	0	0	0.001658	0	0.000245	0	0	0	0.003583	0	0.0003083	0	0	0	0.0004044	0	0	0	0	0.0001312	0	0	0
Halteromyces radiatus	0	0.001643	0	0	0	0.0002057	0	0.002837	0.000108	0	6.158e-05	0.00127	0	0.0002594	0	0	3.956e-05	0.002053	0	0.0001542	5.022e-05	0	0	0.000147	5.17e-05	3.544e-05	4.218e-05	0	0.0001148	0.0001039	2.882e-05	4.844e-05
Botrytis fragariae	0	0	0	0	0	0	0	0	0	0.0006988	0	0.0005441	0	0	0	0.0004376	0	0.001092	0	3.854e-05	0	0.0003914	0	0	0	0.0009569	0	0	0	0	7.205e-05	0.0004844
Pleurotus ostreatus	0	0	0.0006559	0	0	0	7.924e-05	0	0.0008636	0	0	0	0.0003799	0	0.000701	0	0	0	0.0001973	0	0.0002009	0	0.0004396	0	0.0003102	0	0	0.002501	0	0.001143	0	0
Phycomyces blakesleeanus	0	0.001232	0	0	0	6.856e-05	0	0.001812	0.000108	0	6.158e-05	0.0009587	0	0.0001585	0	0	0.000178	0.001573	0	0.0001156	0.0001004	0	0	0.0001103	0.0004653	0	5.624e-05	0	8.2e-05	0.0002078	5.764e-05	4.844e-05
Penicillium bovifimosum	0	0.007803	0	0	0.0007303	0.0001714	0	0.001576	0	0	3.079e-05	0.0001296	0	0.0003891	0	0	1.978e-05	0.0001748	0	0.001041	0	0	0	0.0009558	5.17e-05	0	0	0	0.0004592	0	0	0
Aspergillus alliaceus	0.0001156	0.0008214	0.01509	0	0.001461	6.856e-05	0.0008716	0.0001576	0.001403	7.764e-05	0.0001847	0	0.0002072	0	0.001869	4.862e-05	9.89e-05	0	0.000148	7.708e-05	0.0002511	2.796e-05	0.0002564	7.352e-05	0.0001551	0	5.624e-05	0.0002648	3.28e-05	0.0001732	0.0001009	4.844e-05
Penicillium daleae	7.708e-05	0.0008214	0	0	0.0009738	3.428e-05	0.0007924	0.0001576	0	0.0003106	9.237e-05	0	0.0005181	0	0	0.0002917	9.89e-05	0	0.0002959	7.708e-05	0	0.0001957	0.000293	7.352e-05	0	0.0004784	4.218e-05	0.0003825	4.92e-05	0	4.323e-05	0.000218
Aspergillus lentulus	0	0.0004107	0	0	0.0002434	0	0.0003962	0.0001576	0.000108	0.0001941	0.0003079	0	0.0001727	0	0.0001168	0	0.0005341	0	0.0001233	0.0001542	0	0	0.0003297	0	0	0.0006202	0.0002671	0.0003236	0	0	0.000245	0
Aspergillus ibericus	0.0003083	0	0.002624	0	0.0002434	3.428e-05	0.0007924	0	0.0002159	0.0003494	3.079e-05	0	0.0007253	0	0.0003505	0.0002431	0	0	0.0004932	0	0	0.0001258	0.0007326	0	7.755e-05	0.0001418	0	0.0006178	0	3.463e-05	0	0.0001453
Penicillium pulvis	7.708e-05	0.002054	0	5.838e-05	0.004869	3.428e-05	7.924e-05	0.0002364	0	0.0002329	9.237e-05	0	6.908e-05	4.323e-05	0	0.0001459	0.0001385	0	0	0.0001542	0	0.0001538	0.0001099	0.0001103	0.0002327	7.088e-05	5.624e-05	8.826e-05	8.2e-05	0	5.764e-05	0.0002664
Penicillium nucicola	0	0.007393	0	0	0.0002434	0.0001371	0	0.001576	0	0	0	0	0	0.0002882	0	0	0	0	0	0.0007323	0	0	0	0.0008455	0.0001034	0	0	0	0.0003608	0	0	0
Aspergillus thermomutatus	0	0.0008214	0	0	0.0004869	0.0001028	0	0.0001576	0	0.0002329	0	0	0	0	0	0.0006807	3.956e-05	0	0	7.708e-05	0	0.0004334	0	0.0002573	0.0001809	0.0003012	0	0	0	0	0	0.0005086
Penicillium alfredii	0.0002312	0.002875	0	2.919e-05	0.0007303	0	7.924e-05	0.000394	0	0.0002717	0	0	0	7.205e-05	0	0.0002431	0	0	2.466e-05	0.0001542	0	0.0001258	3.663e-05	0.0002206	0.000336	0.0003721	0	0	8.2e-05	3.463e-05	0	0.0001695
Coccidioides immitis	0	0	0	0	0.002678	0	0.0002377	0	0	0	0	0	0.0001727	0	0	0	0	0	0.0003699	0	0	0	0.0003297	0	0.001215	0	0	0.0002942	0	0.0004156	0	0
Fusarium fujikuroi	0	0	0	0	0	0	0	0.001576	0.000108	0	0	0	0	0.0002306	0	0	0	0	0	0.000501	0	0	0	0.0008822	0	0	0	0	0.0006232	0	0	0
Bipolaris oryzae	0	0.0004107	0	0	0	0	0	0	0	0.0005047	0	0	0	0	0	0.0003647	0	0	0	0	0	0.0003495	0	0	0	0.0006734	0	0	0	0	0	0.0003149
Aspergillus terreus	0.0001927	0.0004107	0.0006559	0	0.0002434	0	0.000317	7.88e-05	0.0002159	0.0001165	9.237e-05	0	0.0001727	2.882e-05	0.0001168	9.724e-05	5.934e-05	0	0.000148	3.854e-05	0	4.194e-05	0.0003297	0	0.0006204	5.316e-05	5.624e-05	0.0002059	0	0.0001385	8.646e-05	2.422e-05
Cenococcum geophilum	0	0	0	5.004e-05	0	0	0	0	0	0.0003494	0	0	0	0	0	0.0003403	0	0	0	0	0	0.0002097	0	0	0	0.0006025	0	0	0	0	0	0.0002906
Morchella sextelata	0	0	0	6.255e-05	0	0	0	0	0	0.000427	0	0	0	0	0	0.0003647	0	0	0	0	0	0.0001398	0	0	0	0.0005493	0	0	0	0	0	0.0002664
Penicillium atrosanguineum	3.854e-05	0.006161	0	0	0.0002434	0.0002742	0	0.001024	0	0	0	2.591e-05	0	0.0001441	0	0	0	4.369e-05	0	0.000501	0	0	0	0.0004779	0	0	0	0	0.000246	0	0	0
Penicillium cinerascens	0	0.006161	0	0	0.0004869	3.428e-05	0	0.0008668	0	0	0	0	0	0.0001297	0	0	0	0	0	0.0004625	0	0	0	0.0005146	7.755e-05	0	0	0	0.0003444	0	0	0
Penicillium waksmanii	0	0.004518	0	0	0	6.856e-05	0	0.001024	0	0	0	0	0	0.0001729	0	0	5.934e-05	0	0	0.0004625	0	0	0	0.0006249	0	0	0	0	0.0001968	0	0	0
Exophiala oligosperma	0	0	0	0	0	0	0	0	0	0	0	0	0	0	0	0	0	0.0004369	0	0	0	0	0	0	0	0	0.0003937	0	0	0.000277	0.000245	0.0004117
Didymella exigua	0	0.006161	0	0	0	0	0	0.0003152	0	0	0	0	0	0.0001153	0	0	0	0	0	0.0003083	0	0	0.0004029	0.0005882	0	0	0	0.0003236	8.2e-05	0	0	0
Aspergillus clavatus	0	0.0004107	0.0006559	0	0.0004869	3.428e-05	7.924e-05	7.88e-05	0	0.0001165	9.237e-05	0	3.454e-05	0	0.0001168	0.0001459	0.0001187	0	7.398e-05	3.854e-05	0	6.99e-05	3.663e-05	3.676e-05	0.0002585	0.0001949	4.218e-05	5.884e-05	3.28e-05	3.463e-05	7.205e-05	9.688e-05
Zygotorulaspora mrakii	0	0	0.0006559	0	0	0	7.924e-05	0	0.0006477	0	0	0	0.0003109	0	0.0003505	0	0	0	0.0002219	0	0.0001507	0	0.0005494	0	0.0002068	0	0	0.0003825	0	0.0001385	0	0
Fusarium poae	0	0.0008214	0	0	0	0	0	0.0007092	0	0	0.0001232	0	0	0.0001729	0	0	7.912e-05	0	0	0.0004625	0	0	0	0.0005514	0	0	0	0	0.0002624	0	0	0
Paecilomyces variotii	0	0	0.001312	7.089e-05	0.0002434	0	7.924e-05	0	0.000108	7.764e-05	0	0	0	0	0.0001168	0.0001459	0	0	4.932e-05	0	0	0.0001678	0	0	0.0003102	0.000124	0	0	0	6.926e-05	0	0.0001695
Penicillium oxalicum	0	0.004928	0	0	0	0	0	0.0008668	0	0	0	0	0	0.0001729	0	0	0	0	0	0.000501	0	0	0	0.0004779	0	0	0	0	0.000164	0	0	0
Cladosporium halotolerans	0	0.004107	0	0	0	6.856e-05	0.001743	0.0001576	0	0	0	0.000285	0	0	0	0	0	0.0001311	0	7.708e-05	0	0	0	0	0	0	0	0	0	0	0.0002306	7.266e-05
Penicillium manginii	0	0.004107	0	0	0.0002434	6.856e-05	0	0.0007092	0	0	0	0	0	0.0001297	0	0	0	0	0	0.0003854	0	0	0	0.0004411	0	0	0	0	0.0001968	0	0	0
Penicillium longicatenatum	0	0.003696	0	0	0.0004869	3.428e-05	7.924e-05	0.0006304	0	0	0	0	0	0.0001297	0	0	1.978e-05	0	0	0.0003854	0	0	0	0.0003676	0	0	0	0	0.0001476	0	0	0
Coccidioides posadasii	0	0	0	0	0	0	0.00206	0	0	0	0	0	0.0007253	0	0	0	0	0.0001311	0.0001973	0	0	0	0	0	0	0	0	0	0	0	0	0
Penicillium canariense	0	0.003696	0	0	0.0002434	3.428e-05	0	0.0005516	0	0	0	0	0	0.0001441	0	0	0	0	0	0.0003469	0	0	0	0.0003308	0	0	0	0	0.0001804	0	0	0
Aspergillus sclerotioniger	0	0	0.0006559	0	0.0002434	0	0.0003962	0	0	3.882e-05	0	0	0.0002418	0	0.0001168	7.293e-05	0	0	0.0002466	0	0	2.796e-05	0.000293	0	5.17e-05	3.544e-05	0	0.000353	0	0	0	4.844e-05
Penicillium argentinense	3.854e-05	0.002054	0	0	0.001461	0	0	0.0002364	0	0	0	0	0	8.646e-05	0	0	0	0	7.398e-05	0.0001542	0	0	0	0.0002206	0.0003102	0	0	2.942e-05	6.56e-05	0.0001039	0	0
Aspergillus versicolor	0	0.002054	0	0	0.0002434	0	0.0001585	0.0005516	0	0	6.158e-05	0	0	7.205e-05	0	0	7.912e-05	0	0	0.0003083	0	0	0	0.0004044	0	0	0	0	9.84e-05	0	0	0
Fusarium proliferatum	0	0.0004107	0	0	0	0	0	0.0004728	0	0	0	0	0	0.0001585	0	0	0	0	0	0.0003469	0	0	0	0.0004044	0	0	0	0	0.0002132	0	0	0
Alternaria arborescens	0	0.001643	0	0	0	0	0	0.0003152	0	0	0	0	0	0.0001441	0	0	0	0	0	0.0002312	0	0	0	0.0005882	0	0	0	0	0.000164	0	0	0
Radiomyces spectabilis	0	0.0004107	0	0	0	6.856e-05	0	0.0003152	0	0	0	0.0004146	0	0	0	0	0	0.0009175	0	3.854e-05	0	0	0	0	0	0	0	0	0	6.926e-05	0	4.844e-05
Penicillium hispanicum	0	0.002054	0	0	0	0	0	0.0002364	0	0	0	0	0	4.323e-05	0	0	0	0	7.398e-05	0.0001156	0	0	0	7.352e-05	0.0005687	0	0	0	4.92e-05	0.0001039	0	0
Penicillium malachiteum	0	0.002464	0	0	0.0002434	3.428e-05	0	0.0004728	0	0	0	0	0	8.646e-05	0	0	0	0	0	0.0002698	0	0	3.663e-05	0.0002941	0	0	0	0	0.000164	0	0	0
Hansenula anomala	0	0.0008214	0	0	0	0	0	0.0001576	0	0	0	0.0001036	0	0	0	0	0	0.0004806	0	3.854e-05	0	0	0	0.0006617	0	0	0	0	8.2e-05	0	0	0
Hansenula ciferrii	0	0	0	0	0	6.856e-05	0	0	0	0	0.000154	0.0001036	0	0	0	0	5.934e-05	0.000568	0.000148	0	0	0	0	0	2.585e-05	0	7.03e-05	0	0	0	5.764e-05	0
Aspergillus homomorphus	0	0.001643	0	0	0	0	7.924e-05	0.000394	0	3.882e-05	0	0	0	5.764e-05	0	0	0	0	4.932e-05	0.0001927	0	0	7.326e-05	0.0002573	0.0001034	0	0	8.826e-05	6.56e-05	0	0	0
Penicillium citrinum	0	0.0008214	0	0	0	0	0	7.88e-05	0	0	0	0	0	0	0	0	1.978e-05	0	2.466e-05	0.0001156	0	0	0	7.352e-05	0	0	0.0001265	0	0	0	0.0003026	0
Alternaria burnsii	0	0.001232	0	0	0	0	0	0.0002364	0	0	0	0	0	0.0001153	0	0	0	0	0	0.0002312	0	0	0	0.0004779	0	0	0	0	0.0001148	0	0	0
Talaromyces amestolkiae	0	0	0	0	0	0	0	0	0	0.0002717	0	0	0	0	0	7.293e-05	0	0	0	0	0	9.786e-05	0	0	0	0.0001772	0	0	0	0	0	0.0002906
Fusarium oxysporum	0	0.0004107	0	0	0	0	0	0.0004728	0	0	0	0	0	0.0001153	0	0	0	0	0	0.0003854	0	0	0	0.0002206	0	0	0	0	0.0001312	0	0	0
Ascochyta rabiei	0	0.004107	0	0	0	0	0	0.0002364	0	0	0	0	0	0	0	0	0	0	0	0.0002698	0	0	0	0.0004044	0	0	0	0	0.0001148	0	0	0
Penicillium subrubescens	0	0.001643	0	0	0.0002434	6.856e-05	0	0.000394	0	0	0	0	0	5.764e-05	0	0	0	0	0	0.0001927	0	0	3.663e-05	0.0001838	7.755e-05	0	0	5.884e-05	9.84e-05	0	0	0
Boeremia exigua	0	0.004928	0	0	0	0	0	0.0002364	0	0	0	0	0	0	0	0	0	0	0	0.0001927	0	0	0	0.0002206	0	0	0	0	0.0001476	0	0	0
Meyerozyma guilliermondii	0	0	0	0	0	0.0001028	0	0	0	0	0	0.0003887	0	0	0	0	5.934e-05	0.0005243	0	0	2.511e-05	0	0	0	0	0	0	0	0	0	0	0
Chaetomium globosum	0	0	0	0	0.0007303	0	0.0006339	0	0	0	0	0	0.0003454	0	0	0	0	0	0.0002959	0	0	0	0	0	0	0	0	0	0	0	0	0
Aspergillus tanneri	7.708e-05	0.001232	0	0	0.001461	3.428e-05	7.924e-05	0.0001576	0	0	0	0	0	2.882e-05	0.0001168	0	0	0	2.466e-05	0.0001542	0	0	3.663e-05	0.000147	5.17e-05	0	0	0	4.92e-05	0	0	0
Penicillium odoratum	0	0.001643	0	0	0.0002434	0	0	0.0002364	0	0	0	0	0	5.764e-05	0	0	0	0	2.466e-05	0.0001927	0	0	0	0.0001838	7.755e-05	0	0	0	9.84e-05	0	0	0
Penicillium chermesinum	0	0.002054	0	0	0.0002434	0	7.924e-05	0.0003152	0	0	0	0	0	5.764e-05	0	0	0	0	2.466e-05	0.0001542	0	0	3.663e-05	0.0001838	5.17e-05	0	0	0	4.92e-05	0	0	0
Trametes versicolor	0	0	0	0	0	0	0	0	0	0	0	0	0	0	0	0	0	0	0	0	0	0	0	0	0	0	0	0.0002648	0.0002952	0.0001039	0	0
Parastagonospora nodorum	0	0.0004107	0	0	0	0	0	0	0	0	0	0	0	0	0	0	0	0	0	0	0	0	0	7.352e-05	0.0005946	0	0	0	0	0.0001385	0	0
Phaeoacremonium minimum	0	0	0	0	0	0	0	0	0	0	0	0	0	0	0	0	0	0	0	0	0	0	0	0	0.0007497	0	0	0	0	0	0	0
Lobosporangium transversale	0	0.0004107	0	0	0	3.428e-05	0	0.000394	0	0	0	0.0002073	0	4.323e-05	0	0	0	0.0004369	0	3.854e-05	0	0	0	0	0	0	0	0	0	0	0	0
Aspergillus wentii	3.854e-05	0.0008214	0	0	0.001461	3.428e-05	0.0001585	7.88e-05	0	7.764e-05	0	0	3.454e-05	0	0	0	0	0	4.932e-05	7.708e-05	0	0	3.663e-05	3.676e-05	0.0001034	3.544e-05	0	0	0	0	0	2.422e-05
Aspergillus saccharolyticus	3.854e-05	0	0.004592	0	0	3.428e-05	0.0002377	0	0.0004318	0	0	0	3.454e-05	0	0.0004673	0	0	0	0	0	5.022e-05	0	3.663e-05	0	5.17e-05	0	0	2.942e-05	0	6.926e-05	0	0
Eremothecium sinecaudum	0	0	0	0	0	0	0	0.0004728	0	0	0	0.0002591	0	0	0	0	0	0.000568	0	0	0	0	0	0	0	0	0	0	0	0	0	0
Fusarium subglutinans	0	0	0	0	0	0	0	0.0001576	0	0	6.158e-05	0	0	7.205e-05	0	0	5.934e-05	0	0	0.0001927	0	0	0	0.0001838	0	0	0	0	0.0001148	0	0	0
Ophidiomyces ophidiicola	0	0	0	0	0	0	7.924e-05	0	0	0	0	0	6.908e-05	0	0	0	0	0	7.398e-05	0	0	0	0.0001099	0	5.17e-05	0	0	0.0001177	0	0	0	0.0002906
Macroventuria anomochaeta	0	0.00575	0	0	0	0	0	0.0002364	0	0	0	0	0	0	0	0	0	0	0	0.0001927	0	0	0	0.0001838	0	0	0	0	0	0	0	0
Aspergillus undulatus	3.854e-05	0.0004107	0	0	0.001948	0	0.0001585	7.88e-05	0	7.764e-05	0	0	6.908e-05	0	0	2.431e-05	0	0	4.932e-05	3.854e-05	0	2.796e-05	0	3.676e-05	0	0	0	0	4.92e-05	0	0	0
Penicillium verhagenii	0	0.001643	0	0	0.0002434	3.428e-05	0	0.0002364	0	0	0	0	0	4.323e-05	0	0	0	0	0	0.0001156	0	0	0	0.0002206	0	0	0	0	9.84e-05	0	0	0
Arthrobotrys flagrans	0	0	0	0	0	0	0	0	0	0	0	0	0	0	0	0	0	0	0.0002219	0	0	0	0.0003663	0	0.0001809	0	0	0	0	3.463e-05	0	0
Penicillium riverlandense	0	0.001232	0	0	0	0	0	0.0003152	0.000108	0	3.079e-05	0	0	4.323e-05	0.0001168	0	0	0	0	0.0001156	0	0	3.663e-05	0.0001103	5.17e-05	0	0	2.942e-05	4.92e-05	0	0	0
Aspergillus melleus	3.854e-05	0	0.001312	0	0.0002434	0	0.0001585	0	0.000108	7.764e-05	0	0	3.454e-05	0	0.0001168	4.862e-05	3.956e-05	0	2.466e-05	0	0	0	3.663e-05	0	0.0001809	0	0	2.942e-05	0	3.463e-05	0	0
Hypoxylon fragiforme	0	0	0	0	0	0	0	0	0	0	3.079e-05	0	0	0	0	0	3.956e-05	0	0	0	0	0	0	0	0	0	0.0001406	0	0	0	0.0001873	0
Fusarium tjaetaba	0	0.0004107	0	0	0	0	0	0.0002364	0	0	0	0	0	0.0001009	0	0	0	0	0	0.0001542	0	0	0	0.0001103	0	0	0	0	0.0001312	0	0	0
Penicillium lagena	0	0.001232	0	0	0.0004869	0	0	0.0002364	0	0	0	0	0	4.323e-05	0	0	0	0	0	0.0001542	0	0	0	0.000147	0.0001034	0	0	0	4.92e-05	0	0	0
Aspergillus campestris	0	0.0004107	0	0	0	0	7.924e-05	7.88e-05	0.000108	0.0001165	3.079e-05	0	0	0	0.0001168	4.862e-05	0	0	2.466e-05	7.708e-05	0	0	0	7.352e-05	0.0001551	0	0	0	0	0	0	4.844e-05
Epithele typhae	0	0	0	0	0	0	0	0	0	0	0	0	0	0	0	0	0	0	0	0	0	0	0	0	0	0	0.0001828	0.0002059	0	0.0001385	0	0
Fusarium venenatum	0	0.004928	0	0	0	0	0	0.0003152	0	0	0	0	0	0	0	0	0	0	0	0.0001927	0	0	0	7.352e-05	0	0	0	0	0	0	0	0
Aspergillus heteromorphus	0	0	0	0	0	0	7.924e-05	0	0	0	0	0	6.908e-05	0	0	0	0	0	4.932e-05	0	0	0	0.0001099	0	0.000336	0	0	5.884e-05	0	0	0	0
Aspergillus pseudoviridinutans	0	0.0004107	0	0	0.0004869	0	0	0.0001576	0	0	6.158e-05	0	0	0	0	0	3.956e-05	0	0	0	0	0	0	0	0.0002585	0	4.218e-05	0	0	0	0	0
Penicillium angulare	0.0001156	0.0008214	0	0	0.0002434	3.428e-05	7.924e-05	0.0001576	0	7.764e-05	0	0	0	2.882e-05	0	0	0	0	2.466e-05	7.708e-05	0	0	3.663e-05	3.676e-05	0	0	0	2.942e-05	3.28e-05	0	0	0
Malassezia restricta	0	0	0	0	0	0	0	0	0	0	0	0	0	0	0	0	7.912e-05	0.0002184	0	0	0.000226	0	0	0	7.755e-05	0	0	0	0	0	0	0
Lentinus tigrinus	0	0	0	0	0	0	0	0	0	0	0	0	0	0	0	0	0	0	0	0	0	0	0	0	0	0	0	0.0002059	0	0.0001039	0.0001585	0
Aspergillus novofumigatus	0	0	0	0	0.0002434	0	0	0	0	0	3.079e-05	0	0	0	0	0	3.956e-05	0	0	0	0	0	0	0	0.0004136	0	0	0	0	0	0	0
Apiospora phragmitis	0	0	0	0	0.001704	0	0.0004754	0	0	0	0	0	0.0001036	0	0	0	3.956e-05	0	4.932e-05	0	0	0	0	0	0	0	0	0	0	0	0	0
Sparassis crispa	0	0	0	0	0	0	0	0	0	0	0	0	0	0	0	0	0	0	0	0	0	0	0	0	0	5.316e-05	0	0.0002354	0	0	0	0.0001938
Malassezia pachydermatis	0	0	0	0	0	0	7.924e-05	0	0	0	0	0	6.908e-05	0	0	0	0	0	0.0001233	0	0	0	0.0001099	0	0	0	0	0.0002059	0	0	0	0
Alternaria infectoria	0	0	0	0	0	0	0.0003962	0	0	0	0	0	0.0001727	0	0	0	0	0.0001748	0	0	0	0	0	0	0	0	0	8.826e-05	0	0	0	0
Chaetomium fimeti	0	0	0.001312	0	0.0004869	0	0.0002377	0	0.0002159	0	0.0001232	0	0	0	0.0003505	0	0	0	0	0	0	0	0	0	0	0	0	0	0	0	0	0
Aspergillus udagawae	0.0003854	0.0004107	0	0	0.0002434	0	0	0	0	0	6.158e-05	0	0	0	0	0	3.956e-05	0	0	0	0	0	0	0	0	0	0	0	0	0	0	0
Talaromyces rugulosus	0	0.0008214	0.0006559	0	0.0004869	3.428e-05	0	0.0001576	0	0	0	0	0	0	0	0	0	0	0	7.708e-05	0	0	0	0.0001103	0	0	0	0	4.92e-05	0	0	0
Rhodotorula pacifica	0	0	0	0	0	6.856e-05	0	0	0	0	3.079e-05	0	0	0	0	0	0.0001187	8.738e-05	0	0	0	0	0	0	0	0	0	0	0	0	5.764e-05	0
Aspergillus pseudodeflectus	0	0	0.001312	0	0.0002434	0	0.0001585	7.88e-05	0.000108	0	0	0	3.454e-05	0	0.0002337	0	0	0	0	0	0	0	0	0	7.755e-05	0	0	0	0	6.926e-05	0	0
Penicillium taxi	0	0.001232	0	0	0.0002434	0	0	0.0001576	0	0	0	0	0	2.882e-05	0	0	0	0	0	7.708e-05	0	0	0	7.352e-05	0	0	0	0	4.92e-05	0	0	0
Aspergillus steynii	0	0	0	0	0.0002434	0	0	0	0	0	0	0	0	0	0	0	0	0	0	0	0	0	0	0	0.0003102	0	0	0	0	3.463e-05	0	0
Penicillium cosmopolitanum	0	0.0008214	0	0	0.0004869	3.428e-05	0	7.88e-05	0	0	0	0	0	2.882e-05	0	0	0	0	0	7.708e-05	0	0	0	3.676e-05	0	0	0	0	4.92e-05	0	0	0
Recurvomyces mirabilis	0	0	0	0	0	0	7.924e-05	0	0	0	0	5.182e-05	0.0001727	0	0	0	0	4.369e-05	0.0001233	0	0	0	0	0	0	0	0	0	0	0	0	0
Colletotrichum acutatum	0	0.001643	0	0	0	0	0	0.0003152	0	0	0	0.0001555	0	0	0	0	0	0	0	0	0	0	0	0	0	0	0	0	0	0	0	0
Colletotrichum siamense	0	0	0	0	0	0	7.924e-05	0	0	0	0	0	0	0	0	0	0	0	0.0003206	0	0	0	0	0	0	0	0	0	0	0	0	0
Uncinocarpus reesii	0	0	0	0	0	0	0.0004754	0	0	0	0	0	0.0002072	0	0	0	0	4.369e-05	0	0	0	0	0	0	0	0	0	0	0	0	0	0
Aspergillus ambiguus	3.854e-05	0	0	0	0	0	7.924e-05	0	0	0	0	0	3.454e-05	0	0	0	0	0	4.932e-05	0	0	0	3.663e-05	0	0.0001551	0	0	2.942e-05	0	0	0	0
Torulaspora delbrueckii	0	0	0	0	0	0	0	0	0.000108	0	0	0	0	0	0.0001168	0	0	0	0	0	0.0001758	0	0	0	0	0	0	0	0	0.0001385	0	0
Pseudogymnoascus verrucosus	0	0	0	0	0	0	0	0	0	0	0	0.0001555	0	0	0	0	0	0.0002621	0	0	0	0	0	0	0	0	0	0	0	0	0	0
Saccharomycodes ludwigii	0	0	0	0	0	0	0	0.0003152	0	0	0	0.0001036	0	0	0	0	0	0.0001748	0	0	0	0	0	0	0	0	0	0	0	0	0	0
Orbilia oligospora	0.0001542	0	0	0	0	0	0	0	0	0	0	5.182e-05	0	0	0	0	0	4.369e-05	0.0001233	0	0	0	0	0	0	0	0	0	0	0	0	0
Kwoniella newhampshirensis	0	0	0	0	0	0	0	0	0	0	0	0	3.454e-05	0	0	0	0	0	4.932e-05	0	0	0	0	3.676e-05	0	0	0	0	0.0001148	0	0	0
Colletotrichum truncatum	0	0	0	0	0	0	0	0	0	0	0	0	0	0	0	0	0	0	0	0	0	0	0	0	0	0	0.0001547	0	0	0	0	0
Saccharomyces eubayanus	0	0	0	0	0	0	0	0	0.0002159	0	0	0	0	0	0.0002337	0	0	0	0	0	7.533e-05	0	0	0	5.17e-05	0	0	0	0	6.926e-05	0	0
Fusarium redolens	0	0	0	0	0	0	0	0.0001576	0	0	0	0	0	5.764e-05	0	0	0	0	0	0.0001927	0	0	0	0	0	0	0	0	0	0	0	0
Saccharomyces paradoxus	0	0	0	0	0	0	0	0	0.0002159	0	0	0	0	0	0.0001168	0	0	0	0	0	7.533e-05	0	0	0	7.755e-05	0	0	0	0	6.926e-05	0	0
Aspergillus foveolatus	0	0	0	0	0.0002434	0	0	0	0	0	3.079e-05	0	0	0	0	0	0	0	0	0	0	0.0001118	0	0	0	0	0	0	0	0	0	0
Fomitopsis serialis	0	0	0	0	0	0	0	0	0	0	0	0	0	0	0	0	0	0	0	0	0	0	0	0	0	0	0	0.0001765	0	0.0001385	0	0
Punctularia strigosozonata	0	0	0	0	0	0	0	0	0	0	0	0	0	0	0	0	0	0	0	0	0	0	0	0	0	0	0	8.826e-05	0	6.926e-05	7.205e-05	0
Sodiomyces alkalinus	0	0	0	0	0	0	0	0	0	0	0	0.0001814	0	0	0	0	0	0.0001311	0	0	0	0	0	0	0	0	0	0	0	0	0	0
Penicillium maclennaniae	0	0.0004107	0	0	0.0002434	0	0	0.0001576	0	0	0	0	0	0	0	0	0	4.369e-05	0	7.708e-05	0	0	0	7.352e-05	0	0	0	0	0	0	0	0
Rhodofomes roseus	0	0	0	0	0	0	0	0	0	0	0	0	0	0	0	0	0	0	0	0	0	0	0	0	0	0	0	8.826e-05	0	0.0002078	0	0
Penicillium macrosclerotiorum	0	0.0008214	0	0	0	0	0	7.88e-05	0	0	0	0	3.454e-05	0	0	0	0	0	2.466e-05	0	0	0	0	7.352e-05	0	0	0	0	3.28e-05	0	0	0
Dichomitus squalens	0	0	0	0	0	0	0	0	0	0	0	0	0	0	0	0	0	0	0	0	0	0	0	0	0	0	0	0.0001471	0	0.0001039	0	0
Wickerhamiella sorbophila	0	0	0	0	0	0	0	0	0	0	0	0	0	0	0	0	0	0	0	0	0	0	0	0	0	0	0.0001125	0	0	0	0	0
Rhizophagus irregularis	0	0	0	0	0	0	0	0.0001576	0	0	0	7.773e-05	0	0	0	0	0	0.0001311	0	0	0	0	0	0	0	0	0	0	0	0	0	0
Henningerozyma blattae	0	0	0	0	0	0	0	0.0001576	0	0	0	7.773e-05	0	0	0	0	0	0.0001311	0	0	0	0	0	0	0	0	0	0	0	0	0	0
Fusarium verticillioides	0	0.0004107	0	0	0	0	0	0.0005516	0	0	0	0	0	0	0	0	0	0	0	0	0	0	0	0	0	0	0	0	0	0	0	0
Penicillium cataractarum	0	0.0004107	0	0	0.0002434	0	0	7.88e-05	0	0	0	0	0	0	0	0	0	0	0	3.854e-05	0	0	0	7.352e-05	0	0	0	0	3.28e-05	0	0	0
Tetrapisispora phaffii	0	0	0	0	0	0	0	0	0	0	0	0	0	0	0	0	0	0	0	0	0	0	0	0	0.0001809	0	0	0	0	3.463e-05	0	0
Aureobasidium namibiae	0	0.0004107	0	0	0	0	0	0	0	0	0	0	0	0	0	0	0	0	0	0	0	0	0	0	0.0001551	0	0	0	0	0	0	0
Aspergillus ochraceoroseus	0	0	0.0006559	0	0	0	7.924e-05	0	0	0	0	0	0	0	0	0	0	0	2.466e-05	0	0	0	0	0	7.755e-05	0	0	0	0	0	0	0
Fonsecaea erecta	0	0	0	0	0	0	0	0	0	0	0	5.182e-05	0	0	0	0	0	0.0001748	0	0	0	0	0	0	0	0	0	0	0	0	0	0
Aspergillus candidus	0	0	0	0	0.0002434	0	0	0	0	3.882e-05	0	0	0	0	0	0	0	0	0	0	0	0	3.663e-05	0	5.17e-05	0	0	2.942e-05	0	0	0	0
Moesziomyces antarcticus	0	0	0	0	0	0	0	0	0	0	0	0	0	0	0	0	0	0	0	0	0	0	0	0	0	0	8.436e-05	0	0	0	0	0
Ustilaginoidea virens	0	0	0	0	0	0	0	0	0	0	0	0	0	0	0	0	0	0	0	0	0	0	0	0	0	0.0001063	0	0	0	0	0	0
Trichoderma ghanense	0	0	0	0	0	0	7.924e-05	0	0	0	0	0	0	0	0	0	0	0	0	0	0	0	0.0001465	0	0	0	0	0	0	0	0	0
Pisolithus orientalis	0	0	0	0	0	0	0	0	0	0	0	0	0	0	0	0	0	0	0	0	0	0	0	0	0	0	0	0	0	0.0001732	0	0
Aspergillus viridinutans	0	0.0004107	0	0	0	0	0	0.0001576	0	0	0	0	0	0	0	0	3.956e-05	0	0	0	0	0	0	0	0	0	0	0	0	0	0	0
Diaporthe citri	0	0	0	0	0	0	0	0	0	0	0	0	0	0	0	0	0	0	0	0	0	0	0.0001831	0	0	0	0	0	0	0	0	0
Cercospora kikuchii	0	0	0	0	0	0	0	0	0	0	6.158e-05	5.182e-05	0	0	0.0001168	0	0	0	0	0	0	0	0	0	0	0	0	0	0	0	0	0
Aspergillus stella-maris	0	0	0	0	0.0002434	0	7.924e-05	0	0	0	0	0	3.454e-05	0	0	0	0	0	0	0	0	0	0	0	5.17e-05	0	0	0	0	0	0	0
Fusarium odoratissimum	0	0	0	0	0	0	0	7.88e-05	0	0	0	0	0	0	0	0	0	0	0	0.0001156	0	0	0	0	0	0	0	0	0	0	0	0
Scheffersomyces stipitis	0	0	0	0	0	0	0	7.88e-05	0	0	0	0	0	0	0	0	0	0.0001311	0	0	0	0	0	0	0	0	0	0	0	0	0	0
Magnusiomyces paraingens	0	0	0	0	0	0	0	7.88e-05	0	0	0	2.591e-05	0	0	0	0	0	8.738e-05	0	0	0	0	0	0	0	0	0	0	0	0	0	0
Drepanopeziza brunnea	0	0	0	0	0	0	0	0	0	0	0	0	0	0	0	0	0	0.0001748	0	0	0	0	0	0	0	0	0	0	0	0	0	0
Saccharomycopsis crataegensis	0	0	0	0	0	0	0	0	0.000108	0	0	0	0	0	0	0	0	0	0	0	0	0	7.326e-05	0	0	0	0	2.942e-05	0	0	0	0
Filobasidium floriforme	0	0.001232	0	0	0	0	0	0	0	0	0	0	0	0	0	0	1.978e-05	0	0	0	0	0	0	0	0	0	0	0	0	0	0	0
Sporobolomyces koalae	0	0	0	0	0	0	0	0	0	0	0	0	0	0	0	0	0	0	0	0	0	0	0	0	0.0001034	0	0	0	0	0	0	0
Ilyonectria robusta	0	0.0004107	0	0	0.0002434	0	0	7.88e-05	0	0	0	0	0	0	0	0	0	0	0	3.854e-05	0	0	0	0	0	0	0	0	0	0	0	0
Serpula lacrymans	0	0	0	0	0	0	0	0	0	0	0	0	0	0	0	0	0	0	0	0	0	0	0	0	0	0	0	0.0001177	0	0	0	0
Lodderomyces parapsilosis	0	0	0	0	0	0	0	0	0.0002159	0	0	0	0	0	0.0001168	0	0	0	0	0	0	0	0	0	0	0	0	0	0	0	0	0
Penicilliopsis zonata	0	0	0	0	0	0	0	0	0	0	0	0	0	0	0	0	0	0	0	0	0	0	0	0	7.755e-05	0	0	0	0	0	0	0
Aspergillus karnatakaensis	0	0	0	0	0	0	0	0	0	0	0	0	0	0	0	0	0	0	0	0	0	0	0	0	7.755e-05	0	0	0	0	0	0	0
Spathaspora passalidarum	0	0	0	0	0	0	0	0	0	0	0	2.591e-05	0	0	0	0	0	8.738e-05	0	0	0	0	0	0	0	0	0	0	0	0	0	0
Penicillium diatomitis	0	0.0004107	0	0	0	0	0	7.88e-05	0	3.882e-05	0	0	0	0	0	0	0	0	0	0	0	0	0	0	0	0	0	0	0	0	0	0
Coprinopsis cinerea	0	0	0	0	0	0	0	0	0	0	0	0	0	0	0	0	0	0	0	0	0	0	0	0	0	0	0	8.826e-05	0	0	0	0
Heterobasidion irregulare	0	0	0	0	0	0	0	0	0	0	0	0	0	0	0	0	0	0	0	0	0	0	0	0	0	0	0	8.826e-05	0	0	0	0
Plenodomus lingam	0	0.0004107	0	0	0	0	0	0	0	0	0	0	0	0	0	0	3.956e-05	0	0	0	0	0	0	0	0	0	0	0	0	0	0	0
Coniophora puteana	0	0	0	0	0	0	0	0	0	0	0	0	0	0	0	0	0	0	0	0	0	0	0	0	0	0	0	5.884e-05	0	3.463e-05	0	0
Aspergillus aculeatus	3.854e-05	0	0	0	0	0	0	0	0	0	0	0	0	0	0	0	0	0	0	0	0	0	7.326e-05	0	0	0	0	0	0	0	0	0
Aureobasidium melanogenum	0	0	0	0	0	0	0	0	0	0	0	0	0	0	0	0	0	0	0	0	0	0	0	0	7.755e-05	0	0	0	0	0	0	0
Psilocybe cubensis	0	0	0	0	0	0	0	0	0	0	0	0	0	0	0	0	0	0	0	0	0	0	0	0	0	0	0	5.884e-05	0	0	0	0
Cadophora gregata	0	0	0	0	0	0	0	0	0	0	0	0	0	0	0	0	0	8.738e-05	0	0	0	0	0	0	0	0	0	0	0	0	0	0
Aspergillus uvarum	3.854e-05	0	0	0	0	0	7.924e-05	0	0	0	0	0	0	0	0	0	0	0	0	0	0	0	0	0	0	0	0	0	0	0	0	0
Schizophyllum commune	0	0	0	0	0	0	0	0	0	0	0	0	0	0	0	0	0	0	0	0	0	0	0	0	0	0	0	5.884e-05	0	0	0	0
Penicillium psychrofluorescens	0	0.0004107	0	0	0	0	0	7.88e-05	0	0	0	0	0	0	0	0	0	0	0	0	0	0	0	0	0	0	0	0	0	0	0	0
Lodderomyces elongisporus	0	0	0	0	0	6.856e-05	0	0	0	0	0	0	0	0	0	0	0	0	0	0	0	0	0	0	0	0	0	0	0	0	0	0
Lipomyces japonicus	0	0	0	0	0	0	0	7.88e-05	0	0	0	0	0	0	0	0	0	4.369e-05	0	0	0	0	0	0	0	0	0	0	0	0	0	0
Trichophyton rubrum	0	0	0	0	0.0002434	0	0	0	0	0	0	0	0	0	0	0	0	0	0	0	0	0	3.663e-05	0	0	0	0	0	0	0	0	0
Trematosphaeria pertusa	0	0	0	0	0.0004869	0	0	0	0	0	0	0	0	0	0	0	0	0	0	0	0	0	0	0	0	0	0	0	0	0	0	0
Stereum hirsutum	0	0	0	0	0	0	0	0	0	0	0	0	0	0	0	0	0	0	0	0	0	0	0	0	0	0	0	5.884e-05	0	0	0	0
Phialemonium atrogriseum	0	0	0	0	0.0004869	0	0	0	0	0	0	0	0	0	0	0	0	0	0	0	0	0	0	0	0	0	0	0	0	0	0	0
Fibroporia radiculosa	0	0	0	0	0	0	0	0	0	0	0	0	0	0	0	0	0	0	0	0	0	0	0	0	0	0	0	5.884e-05	0	0	0	0
Schizosaccharomyces cryophilus	0	0	0	0	0.0002434	0	0	0	0	0	0	0	0	0	0	0	0	0	0	0	0	0	0	0	0	0	0	0	0	0	0	0
Rhodotorula graminis	0	0	0	0	0	0	0	0	0	0	0	0	0	0	0	0	0	0	2.466e-05	0	0	0	0	0	0	0	0	0	0	0	0	0
Ceratocystis lukuohia	0	0	0	0	0	0	0	7.88e-05	0	0	0	0	0	0	0	0	0	0	0	0	0	0	0	0	0	0	0	0	0	0	0	0
Saccharomyces mikatae	0	0	0	0	0	0	0	0	0	0	0	0	0	0	0	0	0	0	0	0	2.511e-05	0	0	0	0	0	0	0	0	0	0	0
Purpureocillium lilacinum	0	0	0	0	0.0002434	0	0	0	0	0	0	0	0	0	0	0	0	0	0	0	0	0	0	0	0	0	0	0	0	0	0	0
Priceomyces carsonii	0	0	0	0	0	0	0	0	0	0	0	0	0	0	0	0	0	4.369e-05	0	0	0	0	0	0	0	0	0	0	0	0	0	0
Dacryopinax primogenitus	0	0	0	0	0	0	0	0	0	0	0	0	0	0	0	0	0	0	0	0	0	0	0	0	0	0	0	2.942e-05	0	0	0	0
Kwoniella shivajii	0	0	0	0	0	0	0	0	0	0	0	0	0	0	0	0	0	0	0	0	0	0	3.663e-05	0	0	0	0	0	0	0	0	0
Talaromyces proteolyticus	0	0	0	0	0	0	0	0	0.000108	0	0	0	0	0	0	0	0	0	0	0	0	0	0	0	0	0	0	0	0	0	0	0
Suillus subaureus	0	0	0	0	0	0	0	7.88e-05	0	0	0	0	0	0	0	0	0	0	0	0	0	0	0	0	0	0	0	0	0	0	0	0
Sugiyamaella lignohabitans	0	0	0	0	0	0	0	0	0	0	0	2.591e-05	0	0	0	0	0	0	0	0	0	0	0	0	0	0	0	0	0	0	0	0
Calcarisporiella thermophila	0	0	0	0	0	0	0	0	0	0	0	0	0	0	0	0	0	4.369e-05	0	0	0	0	0	0	0	0	0	0	0	0	0	0
Aureobasidium pullulans	0	0	0	0	0	0	0	0	0	0	0	0	0	0	0	0	1.978e-05	0	0	0	0	0	0	0	0	0	0	0	0	0	0	0
Malassezia globosa	0	0	0	0	0	0	0	0	0	0	0	0	0	0	0	0	1.978e-05	0	0	0	0	0	0	0	0	0	0	0	0	0	0	0
Lipomyces doorenjongii	3.854e-05	0	0	0	0	0	0	0	0	0	0	0	0	0	0	0	0	0	0	0	0	0	0	0	0	0	0	0	0	0	0	0
Fusarium mangiferae	0	0.0004107	0	0	0	0	0	0	0	0	0	0	0	0	0	0	0	0	0	0	0	0	0	0	0	0	0	0	0	0	0	0
Mixia osmundae	0	0	0	0	0	0	0	0	0	0	0	0	0	0	0	0	0	0	2.466e-05	0	0	0	0	0	0	0	0	0	0	0	0	0
Neurospora tetraspora	0	0	0	0	0.0002434	0	0	0	0	0	0	0	0	0	0	0	0	0	0	0	0	0	0	0	0	0	0	0	0	0	0	0
Venustampulla echinocandica	0	0	0	0	0	0	0	0	0	0	0	0	0	0	0	0	0	0	0	0	0	0	0	0	0	0	0	0	0	0	0	0
Aspergillus mulundensis	0	0	0	0	0	0	0	0	0	0	0	0	0	0	0	0	0	0	0	0	0	0	0	0	0	0	0	0	0	0	0	0
Aspergillus lucknowensis	0	0	0	0	0	0	0	0	0	0	0	0	0	0	0	0	0	0	0	0	0	0	0	0	0	0	0	0	0	0	0	0
Aspergillus multicolor	0	0	0	0	0	0	0	0	0	0	0	0	0	0	0	0	0	0	0	0	0	0	0	0	0	0	0	0	0	0	0	0
Aspergillus japonicus	0	0	0	0	0	0	0	0	0	0	0	0	0	0	0	0	0	0	0	0	0	0	0	0	0	0	0	0	0	0	0	0
Thyridium curvatum	0	0	0	0	0	0	0	0	0	0	0	0	0	0	0	0	0	0	0	0	0	0	0	0	0	0	0	0	0	0	0	0
Trichoderma asperellum	0	0	0	0	0	0	0	0	0	0	0	0	0	0	0	0	0	0	0	0	0	0	0	0	0	0	0	0	0	0	0	0
Trichoderma camerunense	0	0	0	0	0	0	0	0	0	0	0	0	0	0	0	0	0	0	0	0	0	0	0	0	0	0	0	0	0	0	0	0
Talaromyces atroroseus	0	0	0	0	0	0	0	0	0	0	0	0	0	0	0	0	0	0	0	0	0	0	0	0	0	0	0	0	0	0	0	0
Lodderomyces theae	0	0	0	0	0	0	0	0	0	0	0	0	0	0	0	0	0	0	0	0	0	0	0	0	0	0	0	0	0	0	0	0
Microsporum canis	0	0	0	0	0	0	0	0	0	0	0	0	0	0	0	0	0	0	0	0	0	0	0	0	0	0	0	0	0	0	0	0
Lindgomyces ingoldianus	0	0	0	0	0	0	0	0	0	0	0	0	0	0	0	0	0	0	0	0	0	0	0	0	0	0	0	0	0	0	0	0
Cucurbitaria berberidis	0	0	0	0	0	0	0	0	0	0	0	0	0	0	0	0	0	0	0	0	0	0	0	0	0	0	0	0	0	0	0	0
Colletotrichum higginsianum	0	0	0	0	0	0	0	0	0	0	0	0	0	0	0	0	0	0	0	0	0	0	0	0	0	0	0	0	0	0	0	0
Colletotrichum jinshuiense	0	0	0	0	0	0	0	0	0	0	0	0	0	0	0	0	0	0	0	0	0	0	0	0	0	0	0	0	0	0	0	0
Colletotrichum spaethianum	0	0	0	0	0	0	0	0	0	0	0	0	0	0	0	0	0	0	0	0	0	0	0	0	0	0	0	0	0	0	0	0
Mycosarcoma maydis	0	0	0	0	0	0	0	0	0	0	0	0	0	0	0	0	0	0	0	0	0	0	0	0	0	0	0	0	0	0	0	0
Mytilinidion resinicola	0	0	0	0	0	0	0	0	0	0	0	0	0	0	0	0	0	0	0	0	0	0	0	0	0	0	0	0	0	0	0	0
Neodothiora populina	0	0	0	0	0	0	0	0	0	0	0	0	0	0	0	0	0	0	0	0	0	0	0	0	0	0	0	0	0	0	0	0
Exophiala spinifera	0	0	0	0	0	0	0	0	0	0	0	0	0	0	0	0	0	0	0	0	0	0	0	0	0	0	0	0	0	0	0	0
Dothidotthia symphoricarpi	0	0	0	0	0	0	0	0	0	0	0	0	0	0	0	0	0	0	0	0	0	0	0	0	0	0	0	0	0	0	0	0
Dissoconium aciculare	0	0	0	0	0	0	0	0	0	0	0	0	0	0	0	0	0	0	0	0	0	0	0	0	0	0	0	0	0	0	0	0
Exophiala bonariae	0	0	0	0	0	0	0	0	0	0	0	0	0	0	0	0	0	0	0	0	0	0	0	0	0	0	0	0	0	0	0	0
Eremomyces bilateralis	0	0	0	0	0	0	0	0	0	0	0	0	0	0	0	0	0	0	0	0	0	0	0	0	0	0	0	0	0	0	0	0
Pochonia chlamydosporia	0	0	0	0	0	0	0	0	0	0	0	0	0	0	0	0	0	0	0	0	0	0	0	0	0	0	0	0	0	0	0	0
Westerdykella ornata	0	0	0	0	0	0	0	0	0	0	0	0	0	0	0	0	0	0	0	0	0	0	0	0	0	0	0	0	0	0	0	0
Alternaria atra	0	0	0	0	0	0	0	0	0	0	0	0	0	0	0	0	0	0	0	0	0	0	0	0	0	0	0	0	0	0	0	0
Aaosphaeria arxii	0	0	0	0	0	0	0	0	0	0	0	0	0	0	0	0	0	0	0	0	0	0	0	0	0	0	0	0	0	0	0	0
