sample	stage	region	fungi_pct	step1_U_pct	residual_U_pct
0M_1_p	0M	1	7.924	21.12	13.196000000000002
0M_2_p	0M	2	7.88	46.22	38.339999999999996
0M_3_p	0M	3	10.795	24.69	13.895000000000001
0M_4_p	0M	4	3.882	33.84	29.958000000000002
0M_5_p	0M	5	3.079	19.59	16.511
0M_6_p	0M	6	2.591	22.84	20.249
12M_1_p	12M	1	2.942	7.17	4.228
12M_2_p	12M	2	1.64	14.2	12.559999999999999
12M_3_p	12M	3	3.463	14.08	10.617
12M_5_p	12M	5	1.441	15.35	13.908999999999999
12M_6_p	12M	6	2.422	28.54	26.118
1M_1_p	1M	1	3.454	7.37	3.916
1M_2_p	1M	2	1.441	11.66	10.219
1M_3_p	1M	3	11.683	24.21	12.527000000000001
1M_4_p	1M	4	2.431	33.99	31.559
1M_5_p	1M	5	1.978	19.8	17.822
1M_6_p	1M	6	4.369	34.17	29.801000000000002
3M_1_p	3M	1	2.466	18.59	16.124
3M_2_p	3M	2	3.854	17.98	14.126000000000001
3M_3_p	3M	3	2.511	12.36	9.849
3M_4_p	3M	4	1.398	17.75	16.352
6M_1	6M	1	3.663	8.13	4.4670000000000005
6M_2	6M	2	3.676	16.62	12.944
6M_3	6M	3	2.585	20.47	17.884999999999998
6M_4	6M	4	1.772	28.74	26.968
6M_5	6M	5	1.406	14.96	13.554
Me_1_p	Me	1	3.854	5.7	1.846
Me_2_p	Me	2	41.07	65.49	24.419999999999995
Me_3_p	Me	3	65.594	70.48	4.88600000000001
Me_4_p	Me	4	0.417	67.18	66.763
Me_5_p	Me	5	24.344	38.36	14.015999999999998
Me_6_p	Me	6	3.428	16.92	13.492
