genome	Me_1_p	Me_2_p	Me_3_p	Me_4_p	Me_5_p	Me_6_p	0M_1_p	0M_2_p	0M_3_p	0M_4_p	0M_5_p	0M_6_p	1M_1_p	1M_2_p	1M_3_p	1M_4_p	1M_5_p	1M_6_p	3M_1_p	3M_2_p	3M_3_p	3M_4_p	6M_1	6M_2	6M_3	6M_4	6M_5	12M_1_p	12M_2_p	12M_3_p	12M_5_p	12M_6_p
1M_6_p.bin.14	0	0	0	0	0	0	0	0	0	0	0	0.6323	0	0	0	0	0	1.348	0	0	0	0	0	0	0	0	0	0	0	0	0	0
1M_5_p.bin.40	0.1669	0.05025	0.04232	0.01377	39.39	0.2789	3.684	0.03439	0.01646	0.05999	16.62	12.11	1.004	0.01478	0.01689	0.03268	16.15	15.29	0.8585	0.02089	0	0.01343	1.846	0.009365	0	0.01828	15.1	1.693	0.0284	0.04243	24.33	0.0522
1M_3_p.bin.29	0	0	0.05078	0	0	0	0	0.3812	0.564	0	0	0	0	0.1446	0.519	0	0	0	0	0.2284	0.5916	0	0	0.1786	1.681	0	0	0	0.2526	0.6204	0	0
1M_4_p.bin.21	0	0	0	0.3254	0.969	1.593	1.519	0	0.2246	0.8567	0.5671	1.263	1.566	0	0.223	0.7791	0.5508	1.545	0.4245	0	0	0.5357	0.6241	0	0	0.6689	0.3391	0.684	0	0.1693	0.2431	0.7108
1M_5_p.bin.23	0	0	0	0.06732	0.01622	0.2834	0	0	0.2478	0.1903	0.3337	0.02317	0	0	0.341	0.2194	0.4373	0.07008	0	0	0.3046	0.09384	0	0	0.07726	0.1558	0.3105	0.01033	0	0.1965	0.3517	0.1628
3M_1_p.bin.5	8.131	0.05915	0.03797	0.2364	9.822	0.4093	6.09	0.04757	0.01101	0.3948	2.398	5.887	4.092	0.0326	0.01017	0.2996	3.406	6.379	1.656	0.03457	0	0.1702	3.236	0.03642	0	0.1973	1.429	2.757	0	0.01199	2.019	0.2433
0M_1_p.bin.23	0	0.9152	0	0	0	0.04266	3.515	0.09902	2.095	0.1872	0.05435	0.02057	0.4747	0.1774	0.9442	0.07481	0.1414	0	0.189	0.1681	0.1265	0	0.2053	0.3175	0.04204	0	0	0.1278	0.2015	0.068	0	0
6M_5.bin.31	0	0	0	0	0.1875	0	0	0	0.1322	0	0.3449	0	0	0	0	0	0.475	0	0	0	0	0	0	0	0	0	1.041	0.01542	0	0	1.017	0
6M_5.bin.9	0	0	0	0	0	0	0	0	0	0	0.01804	0	0	0	0	0	0.03589	0	0	0	0	0	0	0	0	0	0.3285	0	0	0	0.1709	0
0M_5_p.bin.10	0.08278	0.1695	0.141	80.62	0.2946	0.901	0.2763	0.1558	0.04053	12.53	9.838	0.1292	0.1118	0.02293	0.04026	21.36	10.19	0.1977	0.1545	0.009108	0.06996	7.911	0.2553	0.01837	0.02575	15.99	7.686	0.3815	0.02119	0.1599	8.43	16.61
6M_5.bin.32	0	0	0	0	0.06755	0	0	0	0	0	1.086	0	0	0	0	0	0.5086	0	0	0	0	0	0	0	0	0	0.5306	0	0	0	0.3061	0
Me_3_p.bin.1	0	0	1.683	0	0	0	0	0	0.6273	0	0	0	0	0	0.682	0	0	0	0	0	0.3561	0	0	0	0.6442	0	0	0	0	0.429	0	0
Me_6_p.bin.4	0	0	0	0	0	2.897	0	0	0.01118	0.01942	0.05186	30.39	0.07419	0.01275	0.01237	0.01736	0.0832	12.17	0.02941	0	0	0	0	0	0	0	0	0	0	0	0	0
Me_5_p.bin.3	0	0	0	0	1.51	0.01769	0	0	0	0	4.768	0.03943	0	0	0	0	1.966	0.02511	0	0	0	0	0	0	0	0	0.06759	0	0	0	0.03761	0
Me_2_p.bin.1	0	2.822	0	0	0	0.3008	0	0.3042	0	0	0	0.03276	0	0.2063	0	0	0	0.2544	0	1.568	0	0	0	0.2197	0	0	0	0	0.1963	0	0	0
6M_3.bin.1	0	0	0	0	0	0	0	0	0.1297	0	0.1018	0	0	0	0.1196	0	0.04722	0	0	0	0.3915	0	0	0	0.5098	0	0.06252	0	0	0.1494	0.05208	0
0M_5_p.bin.11	0	0.1008	0	0	0.04063	0	0	0	0	0	0.3444	0	0	0	0	0	0.2674	0	0	0	0	0	0	0	0	0	0.1416	0	0	0	0.101	0
3M_2_p.bin.13	0.02335	0.09947	0.06961	0.5867	0.02419	1.535	0.1756	1.289	0.06201	4.376	1.608	0.1179	0.2098	0.2802	0.06431	1.11	0.8968	0.04447	0.06308	0.8623	0.05617	0.4073	0.09696	0.4342	0	0.4718	0.8691	0.1322	0.6803	0.09534	0.04163	1.012
0M_1_p.bin.8	0	0.8244	0	0	1.107	0.9915	0.7895	0.6042	0.2117	0.398	0.5142	0.9194	0.2454	0.3311	0.2143	0.2837	0.5595	1.066	0.1438	0.4429	0	0.118	0.2945	0.5172	0.1321	0.2521	0.375	0.3174	0.3859	0	0.4846	0.2017
3M_3_p.bin.24	0	0	0	0	0	0	0	0	0.1254	0	0	0.02703	0	0.5177	0.1153	0	0.2438	0.05907	0.6958	0.3153	1.194	0.05976	0.215	0.2615	0.06488	0	0.2476	0	0.2668	0.1047	0.2245	0
Me_3_p.bin.3	0	0	3.402	0	0	0.03316	0	0.08739	2.771	0.02803	0.0245	0.02233	0	0.06228	2.93	0	0	0.05197	0	0.0771	1.815	0	0.03762	0.07023	2.424	0.0271	0	0.03552	0.07479	1.256	0.03044	0
0M_6_p.bin.4	0	0	0	0	0	0	0	0	0	0	0	3.26	0	0	0	0	0	0.8234	0	0	0	0	0	0.0149	0	0	0	0	0.01359	0	0	0
3M_3_p.bin.15	0	0	0.4362	0	0.05129	0	0	0	1.451	0	0.7364	0	0	0	1.57	0	0.497	0	0	0	0.9161	0	0	0	0.1357	0	0.2731	0.02321	0	1.382	0.2362	0
0M_5_p.bin.3	0	0	0	0	0.01992	0	0	0	0	0	0.6801	0	0	0	0	0	0.2235	0	0	0	0	0	0	0	0	0	0.2689	0	0	0	0.1548	0
1M_4_p.bin.17	0	0	0	0	0	0.02784	3.732	0	0	0.04241	0	0.3251	0.7539	0	0	1.706	1.363	0.3939	3.055	0.01569	0.3558	3.312	0.3895	0.02343	0.01029	0.1062	0.404	0.3152	0	0.1271	0.09251	0.06855
1M_3_p.bin.30	0	0	0.2407	0	0	0	0	0	0.7067	0	0.2123	0.02466	0	0	1.018	0	0.2862	0.0493	0	0	0.7863	0	0	0	0.4925	0	0.5016	0	0	0.3862	0.3751	0
0M_4_p.bin.3	0	0	0	0.2024	0	0	0	0	0.005984	10.14	0.2483	0.01976	0	0.006601	0.007373	5.49	0.2825	0	0	0	0	2.124	0.008519	0	0	4.333	0.2125	0.01057	0	0	0.06585	4.424
6M_5.bin.26	0.2607	0	0	0	10.87	0.4331	0.7848	0.01619	0.04329	0.3396	6.517	2.444	1.123	0.009728	0.04546	0.3355	5.878	3.587	0.4709	0.01107	0.01054	0.1028	0.9319	0	0	0.1887	2.765	1.083	0	0.01992	2.706	0.1581
0M_1_p.bin.18	71.95	0.1976	0.1619	5.041	0.5389	2.01	25.78	0.09815	0.01828	1.478	0.3769	5.411	23.13	0.01468	0.01497	0.8875	0.3606	5.775	6.87	0.01128	0.01321	0.3534	9.685	0.02529	0.0102	0.6044	0.2523	10.25	0.006146	0.01467	0.1592	0.6672
3M_1_p.bin.9	0	0	0	0	0	0	0.05031	0	0	0	0	0	0.1211	0	0	0	0.005616	0.288	2.139	0	0	0	0	0	0	0	0	0	0	0	0	0
0M_5_p.bin.13	15.75	0.05477	0.04551	0.1278	13.71	1.586	3.539	0.0285	0.009868	0.133	4.814	3.92	8.446	0.008855	0.009633	0.1005	3.764	3.132	1.125	0.006154	0	0.03505	1.735	0	0	0.07298	1.509	1.877	0	0.005396	1.198	0.05955
0M_2_p.bin.2	0	1.686	0	0	0	0.0316	0	3.908	0.004777	0	0	0	0	0.4905	0	0	0	0	0	0.9549	0	0	0	1.157	0	0	0	0	0.9505	0	0	0
12M_2_p.bin.7	0	0.9233	0	0	0	0	0.1189	0.5681	0.1374	0	0	0	0	0.3592	0.1586	0	0	0	0.03986	0.9553	0.04419	0	0.01815	0.8455	0.03674	0	0	0.01466	0.6421	0.04086	0	0
12M_2_p.bin.11	0.01061	18.47	0.1154	0.02104	0.03964	0.1641	0.01829	4.979	0.2574	0.6284	0.4483	0.5196	0	4.329	0.2935	0.3531	0.2649	0.6476	0	3.263	0.2133	0.5926	0	2.455	0.09002	0.2216	0.1607	0.01112	3.112	0.3971	0.03862	0.3558
6M_4.bin.14	3.092	0.1063	0.08566	10.65	5.531	57.47	3.038	0.1699	0.02069	14.29	2.433	21.71	1.721	0.04068	0.02427	7.655	2.224	23.11	0.5818	0.04091	0.007419	2.988	0.8301	0.06759	0.008697	6.853	0.6633	0.9559	0.01747	0.009144	0.5663	5.068
12M_3_p.bin.25	0	0	0	0	0	0	0	0	0.3202	0	0	0	0	0	0.3649	0	0	0	0	0	0.7949	0	0	0	0.1621	0	0	0	0	0.879	0	0
0M_4_p.bin.23	0	0	0	0.0497	0	0.09845	0	0.08307	0	0.9305	0	0.2691	0	0.05719	0	0.2442	0	0.312	0	0.1087	0	0.06693	0	0.2184	0	0.09412	0	0	0.1558	0	0	0.1804
6M_3.bin.5	0	0	1.288	0	0	0	0.1311	0	7.34	0.01902	0.2656	0.03739	0.1264	0.07192	7.983	0.01449	0.3242	0	0.09029	0	5.895	0.1576	0.3024	0	3.736	0.05379	0.2831	0.295	0	5.029	0.2246	0
Me_5_p.bin.9	0.5035	72.09	14.84	1.2	3.206	21.22	31.33	82.59	9.046	25.91	29.18	2.344	53.35	68.42	7.641	45.3	34.48	4.905	30.49	75.77	12.71	22.2	76.93	68.19	4.549	45.57	39.87	76.48	70.12	12.21	41.91	46.89
6M_3.bin.6	0	0	0	0	0	0	0	0	2.447	0	0.03833	0.01238	0	0	1.845	0	0	0	0	0	0.7264	0	0	0	2.592	0	0	0	0	0.4722	0	0
1M_1_p.bin.14	0.01026	0.02395	0	0	0	0.1042	14.65	0.01141	0.004655	0	0	0.05902	2.532	0	0	0.08981	0.4292	0.3726	49.5	0.06149	0.1362	0.2735	1.078	0	0	0.01263	0.8543	0.9084	0	0.04036	0.03732	0.008394
12M_5_p.bin.3	0	0	0	0	0	0	0	0	0	0	0.2328	0	0	0	0	0	0.3428	0	0	0	0.01506	0	0	0	0	0	1.124	0.007748	0	0.005135	1.548	0
12M_2_p.bin.9	0	0	0	0	0	0	0	0.5901	0.117	0.1932	0.2839	0.08116	0.3336	23.53	0.1044	0.4506	1.138	0.1155	1.232	13.78	0.1961	51.7	0.6563	23.72	0.1341	12.88	13.62	0.5979	22.23	0.1703	2.979	12.83
1M_4_p.bin.6	0	0	0	0	0	0	0	0	0.008889	0.6615	0.3114	0	0	0	0.01294	0.9785	0.3696	0	0	0	0	0.4017	0	0	0	0.7527	0.07517	0	0	0	0.06356	0.5004
12M_1_p.bin.12	0	0	0	0	0	0	0.4483	0	1.198	0.2763	0.01929	0	0.2773	0	1.251	0.1156	0	0	0.1271	0	0	0.06156	0.2957	0	0	0.1101	0	0.4186	0	1.283	0	0.113
Me_5_p.bin.11	0	0	0	0	1.967	0.1495	0	0	0	0.03391	2.223	0	0	0	0	0	2.844	0.1872	0	0	0	0	0	0	0	0	1.229	0.03645	0	0.006289	1.767	0
6M_5.bin.29	0	0.2033	0	0	0	0	0	0.3572	0	0	0.1371	0.01172	0	0.1302	0	0	0.3256	0.03	0	0.7175	0	0	0	0.2563	0	0	1.431	0.01102	0.1888	0	1.72	0
Me_6_p.bin.17	0.02275	0.06779	60.38	0.1574	0.02347	6.529	0.04195	0.03681	46.25	0.3824	0.4933	2.065	0.07935	0.08368	50.24	0.5035	0.5776	7.597	0	0	63.36	0.4289	0.1937	0.08998	66.05	0.8778	0.9332	0.2271	0.04124	58.88	1.058	0.4542
12M_6_p.bin.5	0	0	0	0.1674	0	0	0	0	0.02441	2.036	0.1406	0	0	0	0.03897	2.254	0.1625	0	0	0	0.03825	0.8052	0	0	0	1.424	0.1192	0.06059	0	0.04271	0.1149	1.831
6M_3.bin.17	0	0	0	0	0	0	0	0	0	0	0	0	0	0	0	0.03247	0	0	0	0	0.8657	0.1285	0	0	2.283	0.02384	0.01344	0.005968	0	1.536	0.0137	0
1M_6_p.bin.9	0	0	0.02563	0	6.908	0.707	0.2544	0	0.01526	0.5376	2.825	5.589	0.1803	0	0.01917	0.7647	2.268	10.01	0.06105	0.00633	0	0.3465	0.08623	0	0	0.8051	0.7358	0.09154	0	0.007477	0.5988	0.7691
0M_3_p.bin.20	0	0	0	0.2666	0	0	0	0	2.64	1.342	0.06615	0.01872	0	0.05964	2.528	0.6688	0.06694	0	0	0	0.7531	0.2431	0	0	0.7242	0.4718	0	0	0	0.6931	0.06699	0.417
0M_5_p.bin.18	0	0	0	0	0	0	0	0	0.02489	0	3.547	0	0	0	0.02487	0	1.605	0	0	0	0	0	0	0	0	0	0.08912	0	0	0.02189	0.04522	0
0M_3_p.bin.21	0	0	0	0.1206	0	0	0	0	2.51	2.141	0.1083	0.02506	0	0.3373	1.273	0.4616	0	0	0	0	0.3035	0.1803	0	0	1.772	0.3154	0	0	0	0.2479	0	0.2892
6M_4.bin.6	0	0	13.05	0.151	0	0.06043	0.03622	0	12.73	19.42	0.06533	0.1005	0.04908	0.03796	12.22	7.411	0.01591	0	0	0	3.82	4.196	0.04558	0.01762	2.859	6.429	0.02067	0.08358	0.0153	11.32	0.05173	5.902
0M_3_p.bin.12	0	0	0	0	0	0	0	0	2.284	0	0	0	0	0	2.24	0	0	0	0	0	0.1255	0	0.00599	0	4.383	0	0	0	0	0.009599	0	0
1M_3_p.bin.27	0	0	0	0	0	0	0	0	0.7908	0	0	0	0	0	0.6853	0	0	0	0	0	1.444	0	0	0	2.101	0	0	0	0	0.4721	0	0
Me_3_p.bin.11	0	0	1.754	0	0	0	0	0	0.286	0	0	0	0	0	0.2565	0	0	0	0	0	0.06349	0	0	0	0	0	0	0	0	0.09492	0	0
0M_2_p.bin.11	0	1.134	0	0	0	0.05416	0	3.545	0	0	0	0.03447	0	0.2064	0	0	0	0	0	0.569	0	0	0	0.86	0	0	0	0	0.3992	0	0	0
Me_3_p.bin.9	0	0	2.16	0	0	0	0	0	1.931	0.02805	0.01879	0	0	0	1.789	0	0.01084	0	0	0	1.459	0	0	0	1.886	0.01418	0	0	0	0.8374	0.007103	0
0M_5_p.bin.27	0	0	0	0	3.583	0.05075	0	0	0	0	3.895	0.09894	0	0	0	0	3.422	0.1568	0	0	0	0	0	0	0	0	3.819	0.08001	0	0.009105	4.151	0.01469
0M_5_p.bin.28	0	0	0	0	0.1267	0.02126	0	0	0	0	1.017	0	0	0	0	0	0.5038	0	0	0	0	0	0	0	0	0	0.25	0	0	0	0.2097	0
6M_3.bin.9	0	0	0	0	0	0	0	0.01353	0.1126	0	0	0	0	0	0.1154	0	0	0	0	0	0.0328	0	0	0	0.38	0	0	0	0	0.04537	0	0
