genome	0M_1_p	0M_2_p	0M_3_p	0M_4_p	0M_5_p	0M_6_p	12M_1_p	12M_2_p	12M_3_p	12M_5_p	12M_6_p	1M_1_p	1M_2_p	1M_3_p	1M_4_p	1M_5_p	1M_6_p	3M_1_p	3M_2_p	3M_3_p	3M_4_p	6M_1	6M_2	6M_3	6M_4	6M_5	Me_1_p	Me_2_p	Me_3_p	Me_4_p	Me_5_p	Me_6_p
1M_6_p.bin.14	0	0	0	0	0	0.35505727	0	0	0	0	0	0	0	0	0	0	0.6000642	0	0	0	0	0	0	0	0	0	0	0	0	0	0	0
1M_5_p.bin.40	2.4016693	0.016399786	0.01055191	0.044843506	11.867691	6.799568	1.2691838	0.020705333	0.028374353	17.944414	0.038441	0.7622638	0.010959681	0.010446373	0.02510987	11.716819	6.8069544	0.6933598	0.014393981	0	0.009866232	1.3748296	0.0066601993	0	0.013465294	10.814301	0.13137302	0.014807589	0.008348796	0.011666855	18.919773	0.09681984
1M_3_p.bin.29	0	0.18178473	0.36152405	0	0	0	0	0.18413793	0.4148574	0	0	0	0.107258916	0.32093206	0	0	0	0	0.15736061	0.39730304	0	0	0.1270118	1.1842599	0	0	0	0	0.010017732	0	0	0
1M_4_p.bin.21	0.9900602	0	0.14397514	0.6404437	0.40506995	0.70908886	0.5128695	0	0.11322956	0.17933318	0.5234261	1.1887734	0	0.13789886	0.59855795	0.3995566	0.68742365	0.34288803	0	0	0.3934493	0.46479425	0	0	0.49265772	0.24283479	0	0	0	0.27564675	0.4654634	0.5529041
1M_5_p.bin.23	0	0	0.15883414	0.14223087	0.23834197	0.013011809	0.0077450774	0	0.13136718	0.25944656	0.11987835	0	0	0.2108689	0.1685939	0.31724367	0.031188993	0	0	0.20457868	0.06892351	0	0	0.054439735	0.114754796	0.22233316	0	0	0	0.0570254	0.007789548	0.09839546
3M_1_p.bin.5	3.9697893	0.022684785	0.0070611304	0.29511696	1.7125933	3.3056576	2.0673206	0	0.008016904	1.4893228	0.17913082	3.1053667	0.024183491	0.006291395	0.23018616	2.4709275	2.8388517	1.3375165	0.023820598	0	0.124990545	2.4097388	0.025899949	0	0.14533864	1.0229665	6.401186	0.01742987	0.007490311	0.20026292	4.7182426	0.14211072
0M_1_p.bin.23	2.291641	0.04721496	1.3428986	0.13993481	0.038822494	0.011551938	0.095787965	0.14691609	0.04546672	0	0	0.36024272	0.13162586	0.58384436	0.057473328	0.1025705	0	0.15264718	0.11582827	0.084961966	0	0.15291187	0.22579753	0.029623874	0	0	0	0.2696793	0	0	0	0.014810376
6M_5.bin.31	0	0	0.08472325	0	0.24635363	0	0.01156275	0	0	0.75027525	0	0	0	0	0	0.34455872	0	0	0	0	0	0	0	0	0	0.7454478	0	0	0	0	0.0900548	0
unmapped	34.81002	52.316414	35.894756	25.246233	28.575165	43.85058	25.019794	27.09217	33.13433	26.235836	26.360416	24.105513	25.823582	38.16648	23.173529	27.457636	55.49518	19.231241	31.09495	32.841404	26.552916	25.526546	28.885061	29.540724	26.346476	28.398132	21.271212	70.53299	80.27388	15.287102	51.96464	65.283134
6M_5.bin.9	0	0	0	0	0.012883413	0	0	0	0	0.1260994	0	0	0	0	0	0.02603277	0	0	0	0	0	0	0	0	0	0.23522303	0	0	0	0	0	0
0M_5_p.bin.10	0.1801381	0.07429324	0.025980026	9.365699	7.0268445	0.07252533	0.28607807	0.015450771	0.10691517	6.2186475	12.23143	0.08481582	0.017010972	0.024892202	16.41316	7.395284	0.08799976	0.124790184	0.0062762066	0.04698652	5.81031	0.19010267	0.013061134	0.018140707	11.778655	5.503512	0.06517476	0.049943063	0.027810708	68.29148	0.14152418	0.31278488
6M_5.bin.32	0	0	0	0	0.77535456	0	0	0	0	0.22576857	0	0	0	0	0	0.368975	0	0	0	0	0	0	0	0	0	0.37989488	0	0	0	0	0.032445572	0
Me_3_p.bin.1	0	0	0.40214354	0	0	0	0	0	0.28682896	0	0	0	0	0.42172822	0	0	0	0	0	0.2391513	0	0	0	0.45388356	0	0	0	0	0.33200842	0	0	0
Me_6_p.bin.4	0	0	0.0071666827	0.014514987	0.03703978	17.065723	0	0	0	0	0	0.056305915	0.009458906	0.0076488107	0.013340159	0.060353998	5.418181	0.023750639	0	0	0	0	0	0	0	0	0	0	0	0	0	1.0057364
Me_5_p.bin.3	0	0	0	0	3.4052393	0.022142107	0	0	0	0.027739543	0	0	0	0	0	1.4259018	0.0111732995	0	0	0	0	0	0	0	0	0.048394494	0	0	0	0	0.7251531	0.0061397622
Me_2_p.bin.1	0	0.14507055	0	0	0	0.018391887	0	0.14310114	0	0	0	0	0.15305063	0	0	0	0.11323544	0	1.0802441	0	0	0	0.15627056	0	0	0	0	0.831609	0	0	0	0.10442728
6M_3.bin.1	0	0	0.08315139	0	0.072733924	0	0	0	0.09987542	0.03841732	0	0	0	0.07396152	0	0.034251206	0	0	0	0.26289263	0	0	0	0.35917327	0	0.044767223	0	0	0	0	0	0
0M_5_p.bin.11	0	0	0	0	0.24595937	0	0	0	0	0.07452628	0	0	0	0	0	0.19400282	0	0	0	0	0	0	0	0	0	0.10139279	0	0.029699175	0	0	0.01951681	0
3M_2_p.bin.13	0.11448388	0.61468935	0.039750177	3.2712317	1.1485616	0.066199735	0.09914554	0.49601611	0.06374787	0.030705625	0.745123	0.1592598	0.20787328	0.039763357	0.8526721	0.6505285	0.01979025	0.05094798	0.59417737	0.037723493	0.29911438	0.07220927	0.30874723	0	0.3475289	0.62232697	0.018385643	0.029309405	0.013730852	0.49700227	0.011620348	0.53279334
0M_1_p.bin.8	0.5146546	0.28810063	0.13569966	0.29748282	0.3672717	0.5162111	0.23795278	0.28133246	0	0.35748318	0.14855275	0.18625197	0.24556482	0.13248041	0.21797198	0.40590736	0.4745551	0.116160765	0.3051848	0	0.08668677	0.21934158	0.36782777	0.09304756	0.18567044	0.2685074	0	0.2429266	0	0	0.5316052	0.34423378
3M_3_p.bin.24	0	0	0.08038112	0	0	0.015177165	0	0.19450368	0.06998531	0.16560325	0	0	0.38403228	0.07128692	0	0.17685345	0.02628692	0.56196344	0.21726944	0.801656	0.043895025	0.16012816	0.18594037	0.04571562	0	0.17731324	0	0	0	0	0	0
Me_3_p.bin.3	0	0.04166906	1.7761487	0.020953108	0.017499138	0.012540576	0.026630932	0.05452575	0.8395851	0.022454215	0	0	0.046199515	1.8114812	0	0	0.023127295	0	0.05312585	1.2191377	0	0.028019097	0.049943313	1.7080718	0.019959463	0	0	0	0.67102766	0	0	0.011511713
0M_6_p.bin.4	0	0	0	0	0	1.8304677	0	0.009904985	0	0	0	0	0	0	0	0	0.3664661	0	0	0	0	0	0.010597791	0	0	0	0	0	0	0	0	0
3M_3_p.bin.15	0	0	0.93024296	0	0.52596647	0	0.017403793	0	0.9239875	0.17420737	0	0	0	0.9707239	0	0.36051258	0	0	0	0.6152547	0	0	0	0.09564376	0	0.19557156	0	0	0.08604514	0	0.024636947	0
0M_5_p.bin.3	0	0	0	0	0.48579094	0	0	0	0	0.114163995	0	0	0	0	0	0.16210148	0	0	0	0	0	0	0	0	0	0.19253013	0	0	0	0	0.009566728	0
1M_4_p.bin.17	2.4329648	0	0	0.031700704	0	0.1825309	0.23636118	0	0.0849538	0.06824137	0.050481666	0.57219774	0	0	1.3103244	0.9884986	0.17529193	2.467389	0.010813654	0.23892161	2.432391	0.29010355	0.016663443	0.0072485735	0.07820169	0.28930375	0	0	0	0	0	0.009664334
1M_3_p.bin.30	0	0	0.45303878	0	0.1516102	0.013849089	0	0	0.25826353	0.27665594	0	0	0	0.6296524	0	0.20759606	0.021941146	0	0	0.528047	0	0	0	0.34704036	0	0.35916606	0	0	0.047483556	0	0	0
0M_4_p.bin.3	0	0	0.0038363745	7.582083	0.17734256	0.011095399	0.007923362	0	0	0.048573036	3.2577717	0	0.0048962934	0.004558847	4.2181015	0.20490387	0	0	0	0	1.560179	0.0063443063	0	0	3.1914077	0.15215516	0	0	0	0.17148975	0	0
6M_5.bin.26	0.5116084	0.007720283	0.027751587	0.2538337	4.6550574	1.3725603	0.8122677	0	0.013316721	1.996279	0.11644658	0.85209507	0.0072158487	0.028110154	0.25777867	4.2641015	1.5962873	0.38031077	0.00762905	0.007081069	0.07552872	0.6940473	0	0	0.13896915	1.979512	0.20527098	0	0	0	5.22361	0.15036343
0M_1_p.bin.18	16.80329	0.04679971	0.011720676	1.1051065	0.26917464	3.0381632	7.6831765	0.004480615	0.009808615	0.117412716	0.49129397	17.55312	0.01089166	0.009256065	0.6818518	0.26155162	2.57021	5.5484805	0.0077704093	0.008868797	0.25957894	7.212554	0.017986475	0.0071850484	0.4451892	0.18064378	56.6459	0.05821692	0.031932037	4.270369	0.25886646	0.69763553
3M_1_p.bin.9	0.032799404	0	0	0	0	0	0	0	0	0	0	0.09193859	0	0	0	0.004074225	0.12816331	1.7279896	0	0	0	0	0	0	0	0	0	0	0	0	0	0
0M_5_p.bin.13	2.3072774	0.013590548	0.0063260626	0.0994504	3.4386706	2.2013006	1.4076055	0	0.003607963	0.8836233	0.04385544	6.409726	0.0065680477	0.005956404	0.07724713	2.7304862	1.3939662	0.9090441	0.004240079	0	0.02574517	1.2923234	0	0	0.053748667	1.0807971	12.396387	0.016138239	0.008977752	0.10823299	6.58369	0.55074966
0M_2_p.bin.2	0	1.8633813	0.0030624634	0	0	0	0	0.692987	0	0	0	0	0.3638339	0	0	0	0	0	0.657981	0	0	0	0.82312864	0	0	0	0	0.49691045	0	0	0	0.010971835
12M_2_p.bin.7	0.07751968	0.27089718	0.08808631	0	0	0	0.010991455	0.46817514	0.027318014	0	0	0	0.2664358	0.098096564	0	0	0	0.032198306	0.65824234	0.029675812	0	0.013516697	0.6012549	0.025886469	0	0	0	0.27207476	0	0	0	0
12M_2_p.bin.11	0.011924905	2.3741274	0.16498208	0.46974036	0.32019705	0.29176298	0.008337409	2.2686427	0.26552567	0.028487472	0.2620362	0	3.2111604	0.18146968	0.27126616	0.19219057	0.28821713	0	2.2482367	0.14325579	0.43523332	0	1.745635	0.06342998	0.1632149	0.11505894	0.008352294	5.441969	0.02276172	0.017821856	0.019042397	0.056968898
6M_4.bin.14	1.9802161	0.08100433	0.013264975	10.682686	1.738018	12.190783	0.7167366	0.012737592	0.006113908	0.41771907	3.731831	1.3060049	0.030172976	0.015004843	5.8810477	1.6135056	10.283323	0.46988946	0.028189467	0.004982744	2.194325	0.61822706	0.048065983	0.0061279708	5.0478373	0.47494593	2.4343812	0.03132701	0.016897285	9.021927	2.65694	19.953249
12M_3_p.bin.25	0	0	0.2052856	0	0	0	0	0	0.5877606	0	0	0	0	0.22564544	0	0	0	0	0	0.53382283	0	0	0	0.11419134	0	0	0	0	0	0	0	0
0M_4_p.bin.23	0	0.039610207	0	0.69555783	0	0.15109079	0	0.11359189	0	0	0.13285495	0	0.042420477	0	0.18764237	0	0.1388649	0	0.074874476	0	0.04915954	0	0.15532938	0	0.06932248	0	0	0	0	0.042100072	0	0.034178555
6M_3.bin.5	0.0854944	0	4.705015	0.014217856	0.1897024	0.020993471	0.22117187	0	3.3627417	0.1657064	0	0.09589314	0.053345762	4.936119	0.011133016	0.23514694	0	0.07292338	0	3.9590845	0.11575364	0.22519633	0	2.6321573	0.03961779	0.20269595	0	0	0.2540399	0	0	0
Me_5_p.bin.9	20.423878	39.382942	5.7988825	19.367025	20.839611	1.3164191	57.34773	51.119675	8.167537	30.917273	34.531944	40.4905	50.75379	4.7247796	34.80442	25.012068	2.182833	24.625792	52.20788	8.538669	16.303253	57.290764	48.492195	3.2050617	33.562748	28.544132	0.39639893	21.243853	2.926436	1.0168235	1.5397738	7.3653703
6M_3.bin.6	0	0	1.5688354	0	0.027378002	0.0069504697	0	0	0.3157645	0	0	0	0	1.1407342	0	0	0	0	0	0.48781922	0	0	0	1.8262663	0	0	0	0	0	0	0	0
1M_1_p.bin.14	9.551499	0.0054411045	0.0029842549	0	0	0.03313977	0.68115664	0	0.026986392	0.02752753	0.0061810073	1.921739	0	0	0.06899532	0.31134892	0.16583478	39.984035	0.042372085	0.09145614	0.20087153	0.8024877	0	0	0.0093044825	0.6117174	0.008075109	0.0070586535	0	0	0	0.036172286
12M_5_p.bin.3	0	0	0	0	0.16626184	0	0.005809511	0	0.0034332513	1.1418023	0	0	0	0	0	0.2486871	0	0	0	0.010113752	0	0	0	0	0	0.8050097	0	0	0	0	0	0
12M_2_p.bin.9	0	0.28139216	0.07502673	0.14439012	0.20274968	0.045572665	0.44830954	16.211027	0.11387558	2.1971147	9.450961	0.25321472	17.454056	0.0645844	0.34614727	0.8256771	0.05140668	0.9946931	9.498314	0.1317046	37.969723	0.48877656	16.866537	0.094464004	9.488569	9.749444	0	0	0	0	0	0
1M_4_p.bin.6	0	0	0.0056983596	0.49447963	0.22244492	0	0	0	0	0.04688802	0.36849925	0	0	0.008001726	0.7517798	0.2681371	0	0	0	0	0.2950138	0	0	0	0.5543953	0.05382445	0	0	0	0	0	0
12M_1_p.bin.12	0.2922582	0	0.7677802	0.20653313	0.013774911	0	0.31387958	0	0.85816264	0	0.08321099	0.21046665	0	0.7733766	0.088785134	0	0	0.10267761	0	0	0.04521209	0.22019283	0	0	0.08109182	0	0	0	0	0	0	0
Me_5_p.bin.11	0	0	0	0.025348743	1.587914	0	0.027332544	0	0.0042048804	1.3035014	0	0	0	0	0	2.0629969	0.08330466	0	0	0	0	0	0	0	0	0.8796313	0	0	0	0	0.9446596	0.051903825
6M_5.bin.29	0	0.17032903	0	0	0.097948544	0.0065834746	0.00826009	0.13763863	0	1.2683858	0	0	0.09659577	0	0	0.23618883	0.013352686	0	0.49438426	0	0	0	0.18226618	0	0	1.0245149	0	0.05990357	0	0	0	0
Me_6_p.bin.17	0.027347248	0.01755458	29.647657	0.2858954	0.3523147	1.1592188	0.17027333	0.030070178	39.369766	0.7807003	0.33446395	0.06022245	0.062071763	31.062778	0.38679165	0.41899806	3.3810835	0	0	42.554836	0.315044	0.14422488	0.06399033	46.541225	0.64650077	0.6681632	0.017907066	0.01997589	11.910689	0.13335039	0.011275665	2.266746
12M_6_p.bin.5	0	0	0.015650075	1.5220592	0.10044822	0	0.04543363	0	0.028559018	0.084723815	1.34861	0	0	0.024095042	1.7314476	0.11785036	0	0	0	0.025685154	0.591397	0	0	0	1.0491279	0.08538355	0	0	0	0.14180888	0	0
6M_3.bin.17	0	0	0	0	0	0	0.00447447	0	1.0272634	0.010105124	0	0	0	0	0.024946239	0	0	0	0	0.58136874	0.09436233	0	0	1.6085844	0.017560458	0.009624657	0	0	0	0	0	0
1M_6_p.bin.9	0.16585505	0	0.009782954	0.40186644	2.0176039	3.1381733	0.068640396	0	0.004999845	0.4417128	0.5663639	0.13684052	0	0.011854464	0.5875183	1.645535	4.4556684	0.049309604	0.004361744	0	0.2544703	0.06421679	0	0	0.5929883	0.52682495	0	0	0.0050566965	0	3.3181815	0.24543661
0M_3_p.bin.20	0	0	1.6922227	1.0031495	0.04724719	0.010513636	0	0	0.4634413	0.04941461	0.30710676	0	0.04423608	1.5631219	0.5138526	0.048561294	0	0	0	0.50577325	0.17856301	0	0	0.5102568	0.34750354	0	0	0	0	0.22580422	0	0
0M_5_p.bin.18	0	0	0.015953528	0	2.5336075	0	0	0	0.014635998	0.033356264	0	0	0	0.015378491	0	1.1644905	0	0	0	0	0	0	0	0	0	0.06381162	0	0	0	0	0	0
0M_3_p.bin.21	0	0	1.6087755	1.6008244	0.07733786	0.014068693	0	0	0.16573057	0	0.21296003	0	0.25022554	0.7874373	0.354626	0	0	0	0	0.20379736	0.13244013	0	0	1.2488425	0.2323173	0	0	0	0	0.10216763	0	0
6M_4.bin.6	0.023614956	0	8.158623	14.514402	0.046664488	0.05642017	0.06267005	0.011157762	7.567765	0.03815718	4.3459144	0.03724794	0.028158925	7.554064	5.693707	0.011538357	0	0	0	2.5655398	3.081604	0.03394764	0.01253314	2.0145342	4.735432	0.01479884	0	0	2.5732906	0.12793788	0	0.020981066
0M_3_p.bin.12	0	0	1.4642309	0	0	0	0	0	0.0064185	0	0	0	0	1.3852792	0	0	0	0	0	0.08430591	0	0.004461138	0	3.088142	0	0	0	0	0	0	0	0
1M_3_p.bin.27	0	0	0.5069525	0	0	0	0	0	0.31564322	0	0	0	0	0.42371672	0	0	0	0	0	0.9694523	0	0	0	1.4803345	0	0	0	0	0	0	0	0
Me_3_p.bin.11	0	0	0.18333733	0	0	0	0	0	0.06347005	0	0	0	0	0.15863305	0	0	0	0	0	0.042641226	0	0	0	0	0	0	0	0	0.3460695	0	0	0
0M_2_p.bin.11	0	1.6904352	0	0	0	0.019356208	0	0.29105937	0	0	0	0	0.15311898	0	0	0	0	0	0.3920859	0	0	0	0.6116012	0	0	0	0	0.3341771	0	0	0	0.018803919
Me_3_p.bin.9	0	0	1.2380342	0.020969963	0.013417585	0	0	0	0.5599406	0.0052396	0	0	0	1.1062282	0	0.0078644855	0	0	0	0.9800223	0	0	0	1.328557	0.010444844	0	0	0	0.42600623	0	0	0
0M_5_p.bin.27	0	0	0	0	2.7817335	0.055552173	0.05998904	0	0.006088451	3.0622501	0.01081707	0	0	0	0	2.4825175	0.06976384	0	0	0	0	0	0	0	0	2.7343962	0	0	0	0	1.7210821	0.017619863
0M_5_p.bin.28	0	0	0	0	0.72659236	0	0	0	0	0.15470806	0	0	0	0	0	0.36546862	0	0	0	0	0	0	0	0	0	0.17899641	0	0	0	0	0.060843103	0.0073823747
6M_3.bin.9	0	0.0064517763	0.072211534	0	0	0	0	0	0.03033521	0	0	0	0	0.071337216	0	0	0	0	0	0.022028092	0	0	0	0.2677424	0	0	0	0	0	0	0	0
