rep	cls	sp	gen	comp	cont	n_members	HQ	max_abund	prevalence
0M_5_p.bin.10	d__Bacteria;p__Bacillota;c__Bacilli;o__Thermoactinomycetales;f__DSM-45169;g__Kroppenstedtia;s__Kroppenstedtia sp959600065	Kroppenstedtia sp959600065	Kroppenstedtia	99.2	0.26	11	True	68.3	17
Me_5_p.bin.9	d__Bacteria;p__Bacillota;c__Bacilli;o__Lactobacillales;f__Enterococcaceae;g__Enterococcus_B;s__Enterococcus_B lactis	Enterococcus_B lactis	Enterococcus_B	99.6	0	32	True	57.3	32
0M_1_p.bin.18	d__Bacteria;p__Bacillota;c__Bacilli;o__Bacillales;f__Bacillaceae;g__Bacillus;s__Bacillus sonorensis	Bacillus sonorensis	Bacillus	92.4	1.29	11	True	56.6	20
Me_6_p.bin.17	d__Bacteria;p__Bacillota;c__Bacilli;o__Lactobacillales;f__Lactobacillaceae;g__Pediococcus;s__Pediococcus acidilactici	Pediococcus acidilactici	Pediococcus	99.4	0	18	True	46.5	21
1M_1_p.bin.14	d__Bacteria;p__Pseudomonadota;c__Gammaproteobacteria;o__Pseudomonadales;f__Halomonadaceae;g__Chromohalobacter;s__Chromohalobacter canadensis	Chromohalobacter canadensis	Chromohalobacter	63.8	0	3	False	40	9
12M_2_p.bin.9	d__Bacteria;p__Bacillota;c__Bacilli;o__Lactobacillales;f__Enterococcaceae;g__Tetragenococcus;s__Tetragenococcus halophilus	Tetragenococcus halophilus	Tetragenococcus	98.3	0.33	11	True	38	20
6M_4.bin.14	d__Bacteria;p__Bacillota;c__Bacilli;o__Bacillales;f__Bacillaceae;g__Bacillus;s__Bacillus licheniformis	Bacillus licheniformis	Bacillus	97.9	1.75	14	True	20	20
1M_5_p.bin.40	d__Bacteria;p__Bacillota;c__Bacilli;o__Bacillales_B;f__Bacillaceae_C;g__Weizmannia;s__Weizmannia coagulans	Weizmannia coagulans	Weizmannia	95.3	0	10	True	18.9	13
Me_6_p.bin.4	d__Bacteria;p__Bacillota;c__Bacilli;o__Lactobacillales;f__Listeriaceae;g__Brochothrix;s__Brochothrix thermosphacta	Brochothrix thermosphacta	Brochothrix	98.1	0	3	True	17.1	3
6M_4.bin.6	d__Bacteria;p__Bacillota;c__Bacilli;o__Lactobacillales;f__Lactobacillaceae;g__Weissella;s__Weissella confusa	Weissella confusa	Weissella	94.2	0	9	True	14.5	12
0M_5_p.bin.13	d__Bacteria;p__Bacillota;c__Bacilli;o__Bacillales;f__Bacillaceae;g__Bacillus;s__Bacillus glycinifermentans	Bacillus glycinifermentans	Bacillus	97	3.71	11	True	12.4	15
0M_4_p.bin.3	d__Bacteria;p__Actinomycetota;c__Actinomycetes;o__Mycobacteriales;f__Pseudonocardiaceae;g__Saccharopolyspora;s__Saccharopolyspora rectivirgula	Saccharopolyspora rectivirgula	Saccharopolyspora	99.7	0.89	6	True	7.58	9
3M_1_p.bin.5	d__Bacteria;p__Bacillota;c__Bacilli;o__Bacillales_B;f__Caldibacillaceae;g__Caldifermentibacillus;s__Caldifermentibacillus hisashii	Caldifermentibacillus hisashii	Caldifermentibacillus	97.6	1.8	15	True	6.4	20
12M_2_p.bin.11	d__Bacteria;p__Bacillota;c__Bacilli;o__Lactobacillales;f__Lactobacillaceae;g__Leuconostoc;s__Leuconostoc mesenteroides	Leuconostoc mesenteroides	Leuconostoc	99.7	0.53	9	True	5.44	20
6M_5.bin.26	d__Bacteria;p__Bacillota;c__Bacilli;o__Bacillales;f__Bacillaceae;g__Bacillus;s__Bacillus subtilis	Bacillus subtilis	Bacillus	93	1.07	11	True	5.22	18
6M_3.bin.5	d__Bacteria;p__Bacillota;c__Bacilli;o__Lactobacillales;f__Lactobacillaceae;g__Pediococcus;s__Pediococcus pentosaceus	Pediococcus pentosaceus	Pediococcus	99	0.15	5	True	4.94	13
1M_6_p.bin.9	d__Bacteria;p__Bacillota;c__Bacilli;o__Bacillales;f__Bacillaceae;g__Bacillus;s__Bacillus velezensis	Bacillus velezensis	Bacillus	96.4	2.05	8	True	4.46	15
Me_5_p.bin.3	d__Bacteria;p__Bacillota;c__Bacilli;o__Lactobacillales;f__Streptococcaceae;g__Lactococcus_A;s__Lactococcus_A raffinolactis	Lactococcus_A raffinolactis	Lactococcus_A	98.1	0.6	3	True	3.41	3
3M_2_p.bin.13	d__Bacteria;p__Bacillota;c__Bacilli;o__Lactobacillales;f__Lactobacillaceae;g__Leuconostoc;s__Leuconostoc lactis	Leuconostoc lactis	Leuconostoc	96.4	0	12	True	3.27	17
0M_3_p.bin.12	d__Bacteria;p__Actinomycetota;c__Actinomycetes;o__Streptosporangiales;f__Streptosporangiaceae;g__Nocardiopsis;s__Nocardiopsis alba	Nocardiopsis alba	Nocardiopsis	99.5	0	3	True	3.09	3
0M_5_p.bin.27	d__Bacteria;p__Bacillota;c__Bacilli;o__Bacillales;f__Bacillaceae_G;g__Bacillus_A;s__Bacillus_A cytotoxicus	Bacillus_A cytotoxicus	Bacillus_A	80.4	0	5	False	3.06	5
0M_5_p.bin.18	d__Bacteria;p__Bacillota;c__Bacilli;o__Lactobacillales;f__Lactobacillaceae;g__Leuconostoc_B;s__Leuconostoc_B fallax	Leuconostoc_B fallax	Leuconostoc_B	76.4	0	2	False	2.53	2
1M_4_p.bin.17	d__Bacteria;p__Pseudomonadota;c__Gammaproteobacteria;o__Pseudomonadales;f__Halomonadaceae;g__Chromohalobacter;s__		Chromohalobacter	97.3	1.51	4	True	2.47	12
0M_1_p.bin.23	d__Bacteria;p__Bacillota;c__Bacilli;o__Staphylococcales;f__Staphylococcaceae;g__Staphylococcus;s__Staphylococcus equorum	Staphylococcus equorum	Staphylococcus	96.3	0	3	True	2.29	13
Me_5_p.bin.11	d__Bacteria;p__Bacillota;c__Bacilli;o__Bacillales_B;f__Bacillaceae_C;g__Siminovitchia;s__		Siminovitchia	88.7	1.41	5	False	2.06	5
0M_2_p.bin.2	d__Bacteria;p__Bacillota;c__Clostridia;o__Clostridiales;f__Clostridiaceae;g__Clostridium_I;s__Clostridium_I arbusti	Clostridium_I arbusti	Clostridium_I	100	0.87	6	True	1.86	6
0M_6_p.bin.4	d__Bacteria;p__Bacillota;c__Bacilli;o__Lactobacillales;f__Lactobacillaceae;g__Leuconostoc;s__Leuconostoc gasicomitatum	Leuconostoc gasicomitatum	Leuconostoc	94.2	0	1	True	1.83	2
6M_3.bin.6	d__Bacteria;p__Bacillota;c__Bacilli;o__Staphylococcales;f__Staphylococcaceae;g__Staphylococcus;s__Staphylococcus condimenti	Staphylococcus condimenti	Staphylococcus	97.8	1.3	4	True	1.83	5
Me_3_p.bin.3	d__Bacteria;p__Bacillota;c__Bacilli;o__Lactobacillales;f__Lactobacillaceae;g__Lactiplantibacillus;s__Lactiplantibacillus plantarum	Lactiplantibacillus plantarum	Lactiplantibacillus	99.4	2.47	5	True	1.81	6
12M_6_p.bin.5	d__Bacteria;p__Bacillota;c__Bacilli;o__Bacillales_D;f__Amphibacillaceae;g__Virgibacillus;s__Virgibacillus proomii_B	Virgibacillus proomii_B	Virgibacillus	100	1.33	5	True	1.73	8
3M_1_p.bin.9	d__Bacteria;p__Pseudomonadota;c__Gammaproteobacteria;o__Pseudomonadales;f__Halomonadaceae;g__Kushneria;s__Kushneria sinocarnis	Kushneria sinocarnis	Kushneria	96.9	1.21	1	True	1.73	2
0M_3_p.bin.20	d__Bacteria;p__Bacillota;c__Bacilli;o__Bacillales_D;f__Amphibacillaceae;g__Oceanobacillus;s__Oceanobacillus indicireducens	Oceanobacillus indicireducens	Oceanobacillus	94.3	0.44	8	True	1.69	11
0M_2_p.bin.11	d__Bacteria;p__Bacillota;c__Bacilli;o__Bacillales_K;f__Sporolactobacillaceae;g__Sporolactobacillus;s__		Sporolactobacillus	98.5	0.26	5	True	1.69	6
0M_3_p.bin.21	d__Bacteria;p__Bacillota;c__Bacilli;o__Bacillales_D;f__Amphibacillaceae;g__Pseudogracilibacillus;s__		Pseudogracilibacillus	94.7	1.99	3	True	1.61	12
6M_3.bin.17	d__Bacteria;p__Bacillota;c__Bacilli;o__Bacillales_D;f__Amphibacillaceae;g__Lentibacillus;s__		Lentibacillus	97.3	0.66	3	True	1.61	3
1M_3_p.bin.27	d__Bacteria;p__Bacillota;c__Bacilli;o__Lactobacillales;f__Lactobacillaceae;g__Loigolactobacillus;s__Loigolactobacillus coryniformis	Loigolactobacillus coryniformis	Loigolactobacillus	94.6	1.9	5	True	1.48	5
Me_3_p.bin.9	d__Bacteria;p__Bacillota;c__Bacilli;o__Lactobacillales;f__Lactobacillaceae;g__Lacticaseibacillus;s__Lacticaseibacillus paracasei	Lacticaseibacillus paracasei	Lacticaseibacillus	98.4	0	6	True	1.33	6
6M_5.bin.29	d__Bacteria;p__Bacillota;c__Bacilli;o__Staphylococcales;f__Staphylococcaceae;g__Mammaliicoccus;s__Mammaliicoccus sciuri	Mammaliicoccus sciuri	Mammaliicoccus	94.7	2.67	3	True	1.27	7
1M_4_p.bin.21	d__Bacteria;p__Bacillota;c__Bacilli;o__Bacillales_B;f__Bacillaceae_C;g__;s__			91.8	3.33	5	True	1.19	22
1M_3_p.bin.29	d__Bacteria;p__Bacillota;c__Bacilli;o__Lactobacillales;f__Lactobacillaceae;g__Levilactobacillus;s__Levilactobacillus brevis	Levilactobacillus brevis	Levilactobacillus	93.7	0.39	4	True	1.18	10
12M_5_p.bin.3	d__Bacteria;p__Pseudomonadota;c__Gammaproteobacteria;o__Enterobacterales;f__Enterobacteriaceae;g__Enterobacter;s__Enterobacter asburiae_B	Enterobacter asburiae_B	Enterobacter	97.1	1.19	2	True	1.14	4
Me_2_p.bin.1	d__Bacteria;p__Bacillota;c__Bacilli;o__Staphylococcales;f__Staphylococcaceae;g__Mammaliicoccus;s__Mammaliicoccus vitulinus	Mammaliicoccus vitulinus	Mammaliicoccus	98.6	2.66	2	True	1.08	8
3M_3_p.bin.15	d__Bacteria;p__Bacillota;c__Bacilli;o__Lactobacillales;f__Streptococcaceae;g__Lactococcus;s__Lactococcus taiwanensis	Lactococcus taiwanensis	Lactococcus	99.6	0.38	6	True	0.971	8
12M_1_p.bin.12	d__Bacteria;p__Bacillota;c__Bacilli;o__Lactobacillales;f__Lactobacillaceae;g__Weissella;s__Weissella cibaria	Weissella cibaria	Weissella	72.9	0.32	1	False	0.858	9
3M_3_p.bin.24	d__Bacteria;p__Bacillota;c__Bacilli;o__Staphylococcales;f__Staphylococcaceae;g__Staphylococcus;s__Staphylococcus nepalensis	Staphylococcus nepalensis	Staphylococcus	96.1	1.66	2	True	0.802	10
6M_5.bin.32	d__Bacteria;p__Pseudomonadota;c__Gammaproteobacteria;o__Enterobacterales;f__Enterobacteriaceae;g__Leclercia;s__Leclercia adecarboxylata	Leclercia adecarboxylata	Leclercia	64.1	8.62	1	False	0.775	4
1M_4_p.bin.6	d__Bacteria;p__Bacillota;c__Clostridia;o__Tissierellales;f__Sporanaerobacteraceae;g__Anaerosalibacter;s__Anaerosalibacter bizertensis	Anaerosalibacter bizertensis	Anaerosalibacter	98.6	3.85	7	True	0.752	7
6M_5.bin.31	d__Bacteria;p__Pseudomonadota;c__Gammaproteobacteria;o__Pseudomonadales;f__Moraxellaceae;g__Acinetobacter;s__Acinetobacter baumannii	Acinetobacter baumannii	Acinetobacter	99.7	0	3	True	0.75	4
0M_5_p.bin.28	d__Bacteria;p__Pseudomonadota;c__Gammaproteobacteria;o__Pseudomonadales;f__Moraxellaceae;g__Acinetobacter;s__Acinetobacter johnsonii	Acinetobacter johnsonii	Acinetobacter	76.7	2.74	1	False	0.727	4
0M_4_p.bin.23	d__Bacteria;p__Bacillota;c__Bacilli;o__Lactobacillales;f__Lactobacillaceae;g__Latilactobacillus;s__Latilactobacillus sakei	Latilactobacillus sakei	Latilactobacillus	97.8	0	1	True	0.696	7
12M_2_p.bin.7	d__Bacteria;p__Bacillota;c__Bacilli;o__Staphylococcales;f__Staphylococcaceae;g__Staphylococcus;s__Staphylococcus succinus	Staphylococcus succinus	Staphylococcus	95.9	3.69	2	True	0.658	6
1M_3_p.bin.30	d__Bacteria;p__Bacillota;c__Bacilli;o__Lactobacillales;f__Enterococcaceae;g__Enterococcus_D;s__Enterococcus_D gallinarum	Enterococcus_D gallinarum	Enterococcus_D	94	0.19	4	True	0.63	9
1M_6_p.bin.14	d__Bacteria;p__Pseudomonadota;c__Gammaproteobacteria;o__Enterobacterales;f__Enterobacteriaceae;g__Rahnella;s__Rahnella inusitata	Rahnella inusitata	Rahnella	96.7	0.7	2	True	0.6	2
12M_3_p.bin.25	d__Bacteria;p__Bacillota;c__Bacilli;o__Lactobacillales;f__Lactobacillaceae;g__Weissella;s__Weissella paramesenteroides	Weissella paramesenteroides	Weissella	90.5	1.51	2	True	0.588	5
0M_1_p.bin.8	d__Bacteria;p__Bacillota;c__Bacilli;o__Staphylococcales;f__Staphylococcaceae;g__Staphylococcus;s__Staphylococcus xylosus_B	Staphylococcus xylosus_B	Staphylococcus	65.7	1.72	1	False	0.532	25
0M_5_p.bin.3	d__Bacteria;p__Pseudomonadota;c__Gammaproteobacteria;o__Enterobacterales;f__Enterobacteriaceae;g__Pseudescherichia;s__Pseudescherichia vulneris	Pseudescherichia vulneris	Pseudescherichia	60.9	3.45	1	False	0.486	4
Me_3_p.bin.1	d__Bacteria;p__Bacillota;c__Bacilli;o__Lactobacillales;f__Lactobacillaceae;g__Companilactobacillus;s__Companilactobacillus nuruki	Companilactobacillus nuruki	Companilactobacillus	97.9	2.07	2	True	0.454	6
6M_3.bin.1	d__Bacteria;p__Pseudomonadota;c__Gammaproteobacteria;o__Enterobacterales;f__Enterobacteriaceae;g__Escherichia;s__Escherichia coli	Escherichia coli	Escherichia	96.7	0.75	2	True	0.359	2
Me_3_p.bin.11	d__Bacteria;p__Bacillota;c__Bacilli;o__Staphylococcales;f__Staphylococcaceae;g__Macrococcoides;s__Macrococcoides caseolyticum	Macrococcoides caseolyticum	Macrococcoides	96	1.66	2	True	0.346	3
1M_5_p.bin.23	d__Bacteria;p__Bacillota;c__Bacilli;o__Bacillales_H;f__Bacillaceae_D;g__Shouchella;s__Shouchella clausii	Shouchella clausii	Shouchella	89	2.44	5	False	0.317	12
6M_3.bin.9	d__Bacteria;p__Bacillota;c__Bacilli;o__Bacillales_D;f__Amphibacillaceae;g__Oceanobacillus;s__		Oceanobacillus	58.8	1.75	1	False	0.268	1
0M_5_p.bin.11	d__Bacteria;p__Pseudomonadota;c__Gammaproteobacteria;o__Enterobacterales;f__Enterobacteriaceae;g__Erwinia;s__Erwinia sp003937915	Erwinia sp003937915	Erwinia	66.3	6.27	1	False	0.246	3
6M_5.bin.9	d__Bacteria;p__Actinomycetota;c__Actinomycetes;o__Mycobacteriales;f__Mycobacteriaceae;g__Corynebacterium;s__		Corynebacterium	51.1	1.39	1	False	0.235	2
