# Pathway	p_region	q_region	p_stage	q_stage
AEROBACTINSYN-PWY: aerobactin biosynthesis	2.61e-05	0.000997	0.645	0.979
PWY-6902: chitin degradation II (Vibrio)	2.78e-05	0.000997	0.716	0.979
PWY-5367: petroselinate biosynthesis	4.23e-05	0.000997	0.909	0.979
PWY-6163: chorismate biosynthesis from 3-dehydroquinate	4.53e-05	0.000997	0.968	0.985
COMPLETE-ARO-PWY: superpathway of aromatic amino acid biosynthesis	4.76e-05	0.000997	0.953	0.979
ARO-PWY: chorismate biosynthesis I	5.05e-05	0.000997	0.937	0.979
PWY-5419: catechol degradation to 2-hydroxypentadienoate II	5.47e-05	0.000997	0.398	0.979
PWY-5838: superpathway of menaquinol-8 biosynthesis I	5.62e-05	0.000997	0.589	0.979
LEU-DEG2-PWY: L-leucine degradation I	6.09e-05	0.000997	0.743	0.979
PWY-7328: superpathway of UDP-glucose-derived O-antigen building blocks biosynthesis	6.11e-05	0.000997	0.98	0.988
PWY-5850: superpathway of menaquinol-6 biosynthesis	6.59e-05	0.000997	0.601	0.979
PWY0-301: L-ascorbate degradation I (bacterial, anaerobic)	6.61e-05	0.000997	0.903	0.979
PWY-5896: superpathway of menaquinol-10 biosynthesis	6.62e-05	0.000997	0.612	0.979
PWY-5845: superpathway of menaquinol-9 biosynthesis	6.62e-05	0.000997	0.612	0.979
PWY-7356: thiamine diphosphate salvage IV (yeast)	6.63e-05	0.000997	0.887	0.979
PWY-1042: glycolysis IV	6.69e-05	0.000997	0.95	0.979
PWY0-41: allantoin degradation IV (anaerobic)	6.79e-05	0.000997	0.775	0.979
PWY-8174: odd iso-branched-chain fatty acid biosynthesis	6.83e-05	0.000997	0.563	0.979
PWY-8173: anteiso-branched-chain fatty acid biosynthesis	6.83e-05	0.000997	0.563	0.979
PWY-8175: even iso-branched-chain fatty acid biosynthesis	6.83e-05	0.000997	0.563	0.979
FUC-RHAMCAT-PWY: superpathway of fucose and rhamnose degradation	6.89e-05	0.000997	0.938	0.979
PWY-5136: fatty acid &beta;-oxidation II (plant peroxisome)	6.97e-05	0.000997	0.879	0.979
PWY-5860: superpathway of demethylmenaquinol-6 biosynthesis I	7.07e-05	0.000997	0.58	0.979
FUCCAT-PWY: fucose degradation	7.1e-05	0.000997	0.944	0.979
PWY-5862: superpathway of demethylmenaquinol-9 biosynthesis	7.1e-05	0.000997	0.591	0.979
PWY-5861: superpathway of demethylmenaquinol-8 biosynthesis I	7.35e-05	0.000997	0.55	0.979
PWY-6147: 6-hydroxymethyl-dihydropterin diphosphate biosynthesis I	7.42e-05	0.000997	0.874	0.979
PWY-7345: superpathway of anaerobic sucrose degradation	7.48e-05	0.000997	0.907	0.979
GLYCOLYSIS-E-D: superpathway of glycolysis and the Entner-Doudoroff pathway	7.93e-05	0.000998	0.845	0.979
PWY-6353: purine nucleotides degradation II (aerobic)	8.03e-05	0.000998	0.79	0.979
PWY-6876: isopropanol biosynthesis (engineered)	8.6e-05	0.00103	0.804	0.979
PWY-6700: queuosine biosynthesis I (de novo)	8.87e-05	0.00103	0.932	0.979
GLYCOLYSIS-TCA-GLYOX-BYPASS: superpathway of glycolysis, pyruvate dehydrogenase, TCA, and glyoxylate bypass	9.1e-05	0.00103	0.791	0.979
PWY-5097: L-lysine biosynthesis VI	9.54e-05	0.00105	0.773	0.979
PWY-5686: UMP biosynthesis I	0.000105	0.00106	0.519	0.979
GLYOXYLATE-BYPASS: glyoxylate cycle	0.00011	0.00106	0.951	0.979
UDPNAGSYN-PWY: UDP-N-acetyl-D-glucosamine biosynthesis I	0.000113	0.00106	0.273	0.979
P562-PWY: myo-inositol degradation I	0.000113	0.00106	0.37	0.979
PWY66-201: nicotine degradation IV	0.000115	0.00106	0.802	0.979
PWY-7200: superpathway of pyrimidine deoxyribonucleoside salvage	0.000118	0.00106	0.838	0.979
PWY-2941: L-lysine biosynthesis II	0.000122	0.00106	0.847	0.979
PWY-6891: thiazole component of thiamine diphosphate biosynthesis II	0.000124	0.00106	0.19	0.979
PWY-8011: L-serine biosynthesis II	0.000133	0.00106	0.876	0.979
PWY-6125: superpathway of guanosine nucleotides de novo biosynthesis II	0.000134	0.00106	0.816	0.979
PWY-7953: UDP-N-acetylmuramoyl-pentapeptide biosynthesis III (meso-diaminopimelate containing)	0.000138	0.00106	0.995	0.998
FERMENTATION-PWY: mixed acid fermentation	0.00014	0.00106	0.802	0.979
PWY-7791: UMP biosynthesis III	0.000141	0.00106	0.417	0.979
PWY-7790: UMP biosynthesis II	0.000141	0.00106	0.417	0.979
ANAGLYCOLYSIS-PWY: glycolysis III (from glucose)	0.000146	0.00106	0.466	0.979
PWY66-429: fatty acid biosynthesis initiation (mitochondria)	0.000156	0.00106	0.416	0.979
PWY490-3: nitrate reduction VI (assimilatory)	0.000159	0.00106	0.662	0.979
PYRIDNUCSYN-PWY: NAD de novo biosynthesis I (from aspartate)	0.000163	0.00106	0.48	0.979
HEMESYN2-PWY: heme b biosynthesis II (oxygen-independent)	0.000167	0.00106	0.83	0.979
PWY-6123: inosine-5'-phosphate biosynthesis I	0.000167	0.00106	0.881	0.979
PWY-7234: inosine-5'-phosphate biosynthesis III	0.000169	0.00106	0.884	0.979
TCA-GLYOX-BYPASS: superpathway of glyoxylate bypass and TCA	0.000171	0.00106	0.854	0.979
PWY1ZNC-1: assimilatory sulfate reduction IV	0.000172	0.00106	0.616	0.979
SULFATE-CYS-PWY: superpathway of sulfate assimilation and cysteine biosynthesis	0.000174	0.00106	0.64	0.979
GLYCOL-GLYOXDEG-PWY: superpathway of glycol metabolism and degradation	0.000174	0.00106	0.662	0.979
METHGLYUT-PWY: superpathway of methylglyoxal degradation	0.000175	0.00106	0.707	0.979
PWY-6897: thiamine diphosphate salvage II	0.00018	0.00106	0.755	0.979
PWY-6284: superpathway of unsaturated fatty acids biosynthesis (E. coli)	0.000182	0.00106	0.821	0.979
KETOGLUCONMET-PWY: ketogluconate metabolism	0.000183	0.00106	0.903	0.979
ARG+POLYAMINE-SYN: superpathway of arginine and polyamine biosynthesis	0.000186	0.00106	0.822	0.979
PWY-6507: 4-deoxy-L-threo-hex-4-enopyranuronate degradation	0.000188	0.00106	0.615	0.979
SO4ASSIM-PWY: assimilatory sulfate reduction I	0.000194	0.00106	0.552	0.979
PWY-6901: superpathway of glucose and xylose degradation	0.000195	0.00106	0.816	0.979
PWY-5154: L-arginine biosynthesis III (via N-acetyl-L-citrulline)	0.000195	0.00106	0.631	0.979
TCA: TCA cycle I (prokaryotic)	0.000196	0.00106	0.835	0.979
PWY-6168: flavin biosynthesis III (fungi)	0.000201	0.00107	0.712	0.979
PWY-5005: biotin biosynthesis II	0.000218	0.00115	0.304	0.979
PWY-7013: (S)-propane-1,2-diol degradation	0.000227	0.00115	0.747	0.979
P164-PWY: purine nucleobases degradation I (anaerobic)	0.000229	0.00115	0.776	0.979
PWY-6895: superpathway of thiamine diphosphate biosynthesis II	0.000229	0.00115	0.434	0.979
P621-PWY: nylon-6 oligomer degradation	0.000235	0.00115	0.528	0.979
PWY-6703: preQ0 biosynthesis	0.000237	0.00115	0.478	0.979
PWY-6317: D-galactose degradation I (Leloir pathway)	0.000239	0.00115	0.408	0.979
PWY-5121: superpathway of geranylgeranyl diphosphate biosynthesis II (via MEP)	0.000245	0.00115	0.181	0.979
PWY-7392: taxadiene biosynthesis (engineered)	0.000246	0.00115	0.19	0.979
COA-PWY: coenzyme A biosynthesis I (prokaryotic)	0.000247	0.00115	0.288	0.979
PWY-6124: inosine-5'-phosphate biosynthesis II	0.00025	0.00115	0.861	0.979
PWY-8131: 5'-deoxyadenosine degradation II	0.000255	0.00116	0.195	0.979
P122-PWY: heterolactic fermentation	0.000259	0.00116	0.39	0.979
THISYN-PWY: superpathway of thiamine diphosphate biosynthesis I	0.000264	0.00117	0.387	0.979
PWY-7480: 2,3-dihydroxybenzoate degradation	0.000268	0.00117	0.587	0.979
POLYAMSYN-PWY: superpathway of polyamine biosynthesis I	0.00028	0.00121	0.812	0.979
P441-PWY: superpathway of N-acetylneuraminate degradation	0.000287	0.00123	0.495	0.979
FASYN-INITIAL-PWY: superpathway of fatty acid biosynthesis initiation (E. coli)	0.000311	0.00128	0.802	0.979
TRNA-CHARGING-PWY: tRNA charging	0.000316	0.00128	0.266	0.979
PWY66-389: phytol degradation	0.000316	0.00128	0.411	0.979
PWY0-1319: CDP-diacylglycerol biosynthesis II	0.000316	0.00128	0.919	0.979
PWY-7242: D-fructuronate degradation	0.000317	0.00128	0.856	0.979
PWY-6595: superpathway of guanosine nucleotides degradation (plants)	0.00032	0.00128	0.792	0.979
PWY-5189: tetrapyrrole biosynthesis II (from glycine)	0.000325	0.00128	0.131	0.979
PWY-5690: TCA cycle II (plants and fungi)	0.000326	0.00128	0.618	0.979
PWY-6151: S-adenosyl-L-methionine salvage I	0.000331	0.00128	0.182	0.979
1CMET2-PWY: folate transformations III (E. coli)	0.000337	0.00128	0.865	0.979
PWY-561: superpathway of glyoxylate cycle and fatty acid degradation	0.00034	0.00128	0.536	0.979
PWY-8004: Entner-Doudoroff pathway I	0.000346	0.00128	0.518	0.979
PWY-5840: superpathway of menaquinol-7 biosynthesis	0.000355	0.00128	0.211	0.979
PWY-5898: superpathway of menaquinol-12 biosynthesis	0.000355	0.00128	0.211	0.979
PWY-5899: superpathway of menaquinol-13 biosynthesis	0.000355	0.00128	0.211	0.979
PWY-5897: superpathway of menaquinol-11 biosynthesis	0.000355	0.00128	0.211	0.979
PWY-4984: urea cycle	0.000356	0.00128	0.131	0.979
PANTOSYN-PWY: superpathway of coenzyme A biosynthesis I (bacteria)	0.00037	0.00131	0.637	0.979
PWY-8187: L-arginine degradation XIII (reductive Stickland reaction)	0.00038	0.00134	0.62	0.979
PWY-6126: superpathway of adenosine nucleotides de novo biosynthesis II	0.000387	0.00134	0.336	0.979
PWY-7221: guanosine ribonucleotides de novo biosynthesis	0.000393	0.00134	0.22	0.979
PWY-5918: superpathway of heme b biosynthesis from glutamate	0.000396	0.00134	0.581	0.979
PWY-7560: methylerythritol phosphate pathway II	0.000398	0.00134	0.504	0.979
PWY-7977: L-methionine biosynthesis IV	0.0004	0.00134	0.624	0.979
PWY-6961: L-ascorbate degradation II (bacterial, aerobic)	0.000407	0.00135	0.675	0.979
PWY-5695: inosine 5'-phosphate degradation	0.000419	0.00136	0.611	0.979
PWY-7357: thiamine phosphate formation from pyrithiamine and oxythiamine (yeast)	0.000419	0.00136	0.975	0.985
PWY-7229: superpathway of adenosine nucleotides de novo biosynthesis I	0.000427	0.00136	0.331	0.979
PWY-621: sucrose degradation III (sucrose invertase)	0.000429	0.00136	0.974	0.985
NONMEVIPP-PWY: methylerythritol phosphate pathway I	0.000432	0.00136	0.378	0.979
HISDEG-PWY: L-histidine degradation I	0.000438	0.00136	0.796	0.979
PWY-6396: superpathway of 2,3-butanediol biosynthesis	0.000442	0.00136	0.588	0.979
PWY-181: photorespiration	0.000447	0.00136	0.842	0.979
PWY-7282: 4-amino-2-methyl-5-diphosphomethylpyrimidine biosynthesis II	0.00046	0.00136	0.653	0.979
PWY-5188: tetrapyrrole biosynthesis I (from glutamate)	0.000461	0.00136	0.455	0.979
ARGSYN-PWY: L-arginine biosynthesis I (via L-ornithine)	0.000461	0.00136	0.371	0.979
PWY-5156: superpathway of fatty acid biosynthesis II (plant)	0.000463	0.00136	0.325	0.979
PWY-6270: isoprene biosynthesis I	0.000463	0.00136	0.377	0.979
PWY-6387: UDP-N-acetylmuramoyl-pentapeptide biosynthesis I (meso-diaminopimelate containing)	0.000465	0.00136	0.335	0.979
PWY-7400: L-arginine biosynthesis IV (archaebacteria)	0.000465	0.00136	0.52	0.979
P221-PWY: octane oxidation	0.000469	0.00136	0.692	0.979
PWY-6823: molybdopterin biosynthesis	0.000471	0.00136	0.749	0.979
PWY-7208: superpathway of pyrimidine nucleobases salvage	0.000474	0.00136	0.247	0.979
PWY-6606: guanosine nucleotides degradation II	0.00048	0.00136	0.807	0.979
PWY0-1061: superpathway of L-alanine biosynthesis	0.000482	0.00136	0.668	0.979
HEME-BIOSYNTHESIS-II: heme b biosynthesis I (aerobic)	0.000493	0.00137	0.298	0.979
ASPASN-PWY: superpathway of L-aspartate and L-asparagine biosynthesis	0.000494	0.00137	0.758	0.979
PEPTIDOGLYCANSYN-PWY: peptidoglycan biosynthesis I (meso-diaminopimelate containing)	0.000496	0.00137	0.308	0.979
PWY-822: fructan biosynthesis	0.000502	0.00138	0.337	0.979
PWY-5837: 2-carboxy-1,4-naphthoquinol biosynthesis	0.000508	0.00138	0.277	0.979
PWY-7111: pyruvate fermentation to isobutanol (engineered)	0.000524	0.00139	0.21	0.979
PWY-3841: folate transformations II (plants)	0.000526	0.00139	0.258	0.979
PWY-6269: superpathway of adenosylcobalamin salvage from cobinamide II	0.000529	0.00139	0.403	0.979
PWY-5505: L-glutamate and L-glutamine biosynthesis	0.000538	0.00139	0.794	0.979
PWY-7371: 1,4-dihydroxy-6-naphthoate biosynthesis II	0.000539	0.00139	0.905	0.979
PWY-6277: superpathway of 5-aminoimidazole ribonucleotide biosynthesis	0.000541	0.00139	0.838	0.979
PWY-6122: 5-aminoimidazole ribonucleotide biosynthesis II	0.000541	0.00139	0.838	0.979
P125-PWY: superpathway of (R,R)-butanediol biosynthesis	0.000543	0.00139	0.243	0.979
PWY-5667: CDP-diacylglycerol biosynthesis I	0.000545	0.00139	0.907	0.979
PWY-7118: chitin deacetylation	0.000556	0.00141	0.15	0.979
PWY-4041: &gamma;-glutamyl cycle	0.00056	0.00141	0.911	0.979
PWY-6121: 5-aminoimidazole ribonucleotide biosynthesis I	0.000563	0.00141	0.87	0.979
PWY-7374: 1,4-dihydroxy-6-naphthoate biosynthesis I	0.000579	0.00144	0.91	0.979
PWY-7228: superpathway of guanosine nucleotides de novo biosynthesis I	0.00059	0.00146	0.175	0.979
PYRIDNUCSAL-PWY: NAD salvage pathway I (PNC VI cycle)	0.000598	0.00147	0.808	0.979
PWY-5676: acetyl-CoA fermentation to butanoate II	0.000606	0.00147	0.112	0.979
PWY-6386: UDP-N-acetylmuramoyl-pentapeptide biosynthesis II (lysine-containing)	0.000611	0.00147	0.289	0.979
P108-PWY: pyruvate fermentation to propanoate I	0.000612	0.00147	0.339	0.979
PWY-5384: sucrose degradation IV (sucrose phosphorylase)	0.00064	0.00153	0.255	0.979
PWY-7761: NAD salvage pathway II (PNC IV cycle)	0.000652	0.00155	0.97	0.985
PWY-6892: thiazole component of thiamine diphosphate biosynthesis I	0.000655	0.00155	0.227	0.979
GALACT-GLUCUROCAT-PWY: superpathway of hexuronide and hexuronate degradation	0.000668	0.00157	0.399	0.979
PWY-6731: starch degradation III	0.000674	0.00157	0.521	0.979
PROTOCATECHUATE-ORTHO-CLEAVAGE-PWY: protocatechuate degradation II (ortho-cleavage pathway)	0.000684	0.00158	0.744	0.979
PWY-5345: superpathway of L-methionine biosynthesis (by sulfhydrylation)	0.000688	0.00158	0.18	0.979
PWY-922: mevalonate pathway I (eukaryotes and bacteria)	0.000692	0.00158	0.679	0.979
PWY-6527: stachyose degradation	0.000694	0.00158	0.343	0.979
GLUCONEO-PWY: gluconeogenesis I	0.000706	0.00159	0.376	0.979
P105-PWY: TCA cycle IV (2-oxoglutarate decarboxylase)	0.00071	0.00159	0.491	0.979
PWY-7222: guanosine deoxyribonucleotides de novo biosynthesis II	0.000721	0.0016	0.161	0.979
PWY-7220: adenosine deoxyribonucleotides de novo biosynthesis II	0.000721	0.0016	0.161	0.979
VALDEG-PWY: L-valine degradation I	0.000729	0.00161	0.455	0.979
GLYCOLYSIS: glycolysis I (from glucose 6-phosphate)	0.000757	0.00165	0.89	0.979
ALLANTOINDEG-PWY: superpathway of allantoin degradation in yeast	0.000764	0.00165	0.283	0.979
COBALSYN-PWY: superpathway of adenosylcobalamin salvage from cobinamide I	0.000764	0.00165	0.68	0.979
PWY-841: superpathway of purine nucleotides de novo biosynthesis I	0.000765	0.00165	0.8	0.979
P461-PWY: hexitol fermentation to lactate, formate, ethanol and acetate	0.000799	0.00171	0.406	0.979
PWY-702: L-methionine biosynthesis II	0.00081	0.00172	0.259	0.979
PWY-7254: TCA cycle VII (acetate-producers)	0.000817	0.00172	0.823	0.979
PWY-5973: cis-vaccenate biosynthesis	0.000818	0.00172	0.0783	0.979
PWY-6313: serotonin degradation	0.000832	0.00174	0.887	0.979
PWY-7199: pyrimidine deoxyribonucleosides salvage	0.000842	0.00175	0.361	0.979
PWY-5484: glycolysis II (from fructose 6-phosphate)	0.000873	0.00181	0.876	0.979
PWY-7197: pyrimidine deoxyribonucleotide phosphorylation	0.000876	0.00181	0.193	0.979
PWY-6385: peptidoglycan biosynthesis III (mycobacteria)	0.000892	0.00183	0.246	0.979
PWY-6936: seleno-amino acid biosynthesis (plants)	0.000916	0.00186	0.232	0.979
THRESYN-PWY: superpathway of L-threonine biosynthesis	0.000916	0.00186	0.946	0.979
PWY-7851: coenzyme A biosynthesis II (eukaryotic)	0.000934	0.00188	0.943	0.979
ARGSYNBSUB-PWY: L-arginine biosynthesis II (acetyl cycle)	0.000944	0.00189	0.244	0.979
PWY-7431: aromatic biogenic amine degradation (bacteria)	0.000945	0.00189	0.893	0.979
PWY-7663: gondoate biosynthesis (anaerobic)	0.000955	0.0019	0.126	0.979
ANAEROFRUCAT-PWY: homolactic fermentation	0.00098	0.00193	0.829	0.979
PWY-3001: superpathway of L-isoleucine biosynthesis I	0.000996	0.00195	0.151	0.979
THISYNARA-PWY: superpathway of thiamine diphosphate biosynthesis III (eukaryotes)	0.00101	0.00197	0.619	0.979
GLYCOGENSYNTH-PWY: glycogen biosynthesis I (from ADP-D-Glucose)	0.00104	0.00202	0.55	0.979
PWY-5347: superpathway of L-methionine biosynthesis (transsulfuration)	0.00105	0.00202	0.865	0.979
GLUTORN-PWY: L-ornithine biosynthesis I	0.00105	0.00202	0.189	0.979
GLUCOSE1PMETAB-PWY: glucose and glucose-1-phosphate degradation	0.00106	0.00202	0.126	0.979
P101-PWY: ectoine biosynthesis	0.00108	0.00206	0.893	0.979
PWY-7237: myo-, chiro- and scyllo-inositol degradation	0.00109	0.00206	0.671	0.979
P161-PWY: acetylene degradation (anaerobic)	0.0011	0.00207	0.114	0.979
PWY66-409: superpathway of purine nucleotide salvage	0.0011	0.00207	0.482	0.979
PWY-5130: 2-oxobutanoate degradation I	0.00112	0.00208	0.651	0.979
PWY-5910: superpathway of geranylgeranyldiphosphate biosynthesis I (via mevalonate)	0.00114	0.00211	0.888	0.979
P124-PWY: Bifidobacterium shunt	0.00114	0.00211	0.549	0.979
COA-PWY-1: superpathway of coenzyme A biosynthesis III (mammals)	0.00122	0.00225	0.928	0.979
PWY-6612: superpathway of tetrahydrofolate biosynthesis	0.00127	0.00232	0.682	0.979
RUMP-PWY: formaldehyde oxidation I	0.00128	0.00234	0.738	0.979
NONOXIPENT-PWY: pentose phosphate pathway (non-oxidative branch) I	0.00129	0.00234	0.23	0.979
GLCMANNANAUT-PWY: superpathway of N-acetylglucosamine, N-acetylmannosamine and N-acetylneuraminate degradation	0.00131	0.00235	0.593	0.979
PWY-5265: peptidoglycan biosynthesis II (staphylococci)	0.00132	0.00237	0.441	0.979
PWY-6628: superpathway of L-phenylalanine biosynthesis	0.00134	0.00239	0.648	0.979
PWY-5675: nitrate reduction V (assimilatory)	0.00139	0.00247	0.903	0.979
MET-SAM-PWY: superpathway of S-adenosyl-L-methionine biosynthesis	0.00141	0.00249	0.846	0.979
CALVIN-PWY: Calvin-Benson-Bassham cycle	0.00144	0.00253	0.214	0.979
PWY-8178: pentose phosphate pathway (non-oxidative branch) II	0.00144	0.00253	0.181	0.979
GALACTITOLCAT-PWY: galactitol degradation	0.00146	0.00254	0.806	0.979
METSYN-PWY: superpathway of L-homoserine and L-methionine biosynthesis	0.00146	0.00254	0.831	0.979
TRPSYN-PWY: L-tryptophan biosynthesis	0.00148	0.00255	0.224	0.979
BRANCHED-CHAIN-AA-SYN-PWY: superpathway of branched chain amino acid biosynthesis	0.00149	0.00255	0.195	0.979
P23-PWY: reductive TCA cycle I	0.0015	0.00257	0.561	0.979
HEXITOLDEGSUPER-PWY: superpathway of hexitol degradation (bacteria)	0.00151	0.00257	0.813	0.979
HOMOSER-METSYN-PWY: L-methionine biosynthesis I	0.00151	0.00257	0.827	0.979
PWY0-166: superpathway of pyrimidine deoxyribonucleotides de novo biosynthesis (E. coli)	0.00154	0.0026	0.767	0.979
PWY-7184: pyrimidine deoxyribonucleotides de novo biosynthesis I	0.00159	0.00268	0.194	0.979
RHAMCAT-PWY: L-rhamnose degradation I	0.00166	0.00276	0.149	0.979
CITRULBIO-PWY: L-citrulline biosynthesis	0.00166	0.00276	0.0575	0.979
PWY-5431: aromatic compounds degradation via &beta;-ketoadipate	0.00172	0.00283	0.533	0.979
PWY-5417: catechol degradation III (ortho-cleavage pathway)	0.00172	0.00283	0.533	0.979
PWY0-1477: ethanolamine utilization	0.00173	0.00284	0.086	0.979
P42-PWY: incomplete reductive TCA cycle	0.00173	0.00284	0.8	0.979
PWY-7210: pyrimidine deoxyribonucleotides biosynthesis from CTP	0.00179	0.00292	0.198	0.979
PPGPPMET-PWY: ppGpp metabolism	0.00185	0.003	0.67	0.979
FAO-PWY: fatty acid &beta;-oxidation I (generic)	0.00195	0.00315	0.867	0.979
PWY-6292: superpathway of L-cysteine biosynthesis (mammalian)	0.00199	0.0032	0.0569	0.979
PWY-6185: 4-methylcatechol degradation (ortho cleavage)	0.00205	0.00329	0.647	0.979
PWY-6588: pyruvate fermentation to acetone	0.00211	0.00337	0.848	0.979
PWY-6629: superpathway of L-tryptophan biosynthesis	0.00213	0.00338	0.173	0.979
PWY-6549: L-glutamine biosynthesis III	0.00214	0.00338	0.386	0.979
PWY-801: homocysteine and cysteine interconversion	0.00216	0.00339	0.322	0.979
ORNDEG-PWY: superpathway of ornithine degradation	0.00216	0.00339	0.266	0.979
PWY4LZ-257: superpathway of fermentation (Chlamydomonas reinhardtii)	0.00219	0.00342	0.548	0.979
PWY-5103: L-isoleucine biosynthesis III	0.00221	0.00343	0.212	0.979
PWY-7198: pyrimidine deoxyribonucleotides de novo biosynthesis IV	0.00223	0.00346	0.203	0.979
PWY-6969: TCA cycle V (2-oxoglutarate synthase)	0.00224	0.00346	0.295	0.979
PWY0-1297: superpathway of purine deoxyribonucleosides degradation	0.00227	0.00348	0.122	0.979
PWY66-398: TCA cycle III (animals)	0.00228	0.00349	0.431	0.979
PWY-821: superpathway of sulfur amino acid biosynthesis (Saccharomyces cerevisiae)	0.00233	0.00355	0.163	0.979
ILEUSYN-PWY: L-isoleucine biosynthesis I (from threonine)	0.00236	0.00355	0.194	0.979
PWY-7388: octanoyl-[acyl-carrier protein] biosynthesis (mitochondria, yeast)	0.00236	0.00355	0.418	0.979
OANTIGEN-PWY: O-antigen building blocks biosynthesis (E. coli)	0.00237	0.00355	0.14	0.979
POLYISOPRENSYN-PWY: polyisoprenoid biosynthesis (E. coli)	0.00237	0.00355	0.355	0.979
FOLSYN-PWY: superpathway of tetrahydrofolate biosynthesis and salvage	0.00244	0.00365	0.786	0.979
DAPLYSINESYN-PWY: L-lysine biosynthesis I	0.00247	0.00367	0.681	0.979
PWY-7185: UTP and CTP dephosphorylation I	0.00251	0.0037	0.29	0.979
PWY-6992: 1,5-anhydrofructose degradation	0.00251	0.0037	0.764	0.979
RIBOSYN2-PWY: flavin biosynthesis I (bacteria and plants)	0.00255	0.00375	0.0977	0.979
PWY66-430: myristate biosynthesis (mitochondria)	0.00258	0.00375	0.283	0.979
SER-GLYSYN-PWY: superpathway of L-serine and glycine biosynthesis I	0.00258	0.00375	0.85	0.979
PWY-5971: palmitate biosynthesis (type II fatty acid synthase)	0.00259	0.00375	0.792	0.979
HSERMETANA-PWY: L-methionine biosynthesis III	0.00262	0.00378	0.0663	0.979
GALACTUROCAT-PWY: D-galacturonate degradation I	0.00263	0.00379	0.389	0.979
PWY-5705: allantoin degradation to glyoxylate III	0.00265	0.0038	0.466	0.979
PWY-6630: superpathway of L-tyrosine biosynthesis	0.00273	0.0039	0.536	0.979
PWY-3801: sucrose degradation II (sucrose synthase)	0.00283	0.00403	0.285	0.979
PWY-6981: chitin biosynthesis	0.00286	0.00406	0.94	0.979
PWY-7396: butanol and isobutanol biosynthesis (engineered)	0.00293	0.00413	0.322	0.979
PWY-5497: purine nucleobases degradation II (anaerobic)	0.00294	0.00413	0.515	0.979
PWY-5941: glycogen degradation II	0.00297	0.00417	0.76	0.979
PWY0-1296: purine ribonucleosides degradation	0.003	0.0042	0.115	0.979
PWY-724: superpathway of L-lysine, L-threonine and L-methionine biosynthesis II	0.00306	0.00426	0.957	0.981
PWY-6859: all-trans-farnesol biosynthesis	0.00307	0.00426	0.324	0.979
PWY-5989: stearate biosynthesis II (bacteria and plants)	0.00309	0.00426	0.944	0.979
PWY-6285: superpathway of fatty acids biosynthesis (E. coli)	0.00309	0.00426	0.664	0.979
PWY-5464: superpathway of cytosolic glycolysis (plants), pyruvate dehydrogenase and TCA cycle	0.00313	0.00429	0.511	0.979
PWY-I9: L-cysteine biosynthesis VI (from L-methionine)	0.00315	0.00431	0.411	0.979
PWY-6305: superpathway of putrescine biosynthesis	0.00335	0.00457	0.709	0.979
PWY-6545: pyrimidine deoxyribonucleotides de novo biosynthesis III	0.00339	0.00458	0.45	0.979
CATECHOL-ORTHO-CLEAVAGE-PWY: catechol degradation to &beta;-ketoadipate	0.00339	0.00458	0.583	0.979
GLUCUROCAT-PWY: superpathway of &beta;-D-glucuronosides degradation	0.00351	0.00472	0.666	0.979
PWY0-1338: polymyxin resistance	0.00352	0.00472	0.934	0.979
PWY0-42: 2-methylcitrate cycle I	0.00366	0.00489	0.427	0.979
PWY-6609: adenine and adenosine salvage III	0.00376	0.00501	0.253	0.979
ARGININE-SYN4-PWY: L-ornithine biosynthesis II	0.00392	0.0052	0.0785	0.979
PWY-7456: &beta;-(1,4)-mannan degradation	0.00401	0.0053	0.3	0.979
PWY-7211: superpathway of pyrimidine deoxyribonucleotides de novo biosynthesis	0.00408	0.00538	0.59	0.979
PWY-5100: pyruvate fermentation to acetate and lactate II	0.00425	0.00558	0.968	0.985
HISTSYN-PWY: L-histidine biosynthesis	0.00438	0.00572	0.061	0.979
PWY-6307: L-tryptophan degradation X (mammalian, via tryptamine)	0.00439	0.00572	0.425	0.979
VALSYN-PWY: L-valine biosynthesis	0.00441	0.00573	0.0778	0.979
PWY-7204: pyridoxal 5'-phosphate salvage II (plants)	0.00443	0.00574	0.943	0.979
PWY-7323: superpathway of GDP-mannose-derived O-antigen building blocks biosynthesis	0.00468	0.00603	0.504	0.979
PWY-6922: L-N&delta;-acetylornithine biosynthesis	0.00469	0.00603	0.374	0.979
DTDPRHAMSYN-PWY: dTDP-&beta;-L-rhamnose biosynthesis	0.00488	0.00624	0.193	0.979
PWY-6607: guanosine nucleotides degradation I	0.00489	0.00624	0.619	0.979
PWY-7315: dTDP-N-acetylthomosamine biosynthesis	0.0051	0.0065	0.751	0.979
PWY-5415: catechol degradation I (meta-cleavage pathway)	0.00555	0.00704	0.828	0.979
PWY-6470: peptidoglycan biosynthesis V (&beta;-lactam resistance)	0.00572	0.00724	0.0886	0.979
PWY-5392: reductive TCA cycle II	0.00582	0.00733	0.23	0.979
HEME-BIOSYNTHESIS-II-1: heme b biosynthesis V (aerobic)	0.00622	0.00781	0.772	0.979
PWY0-1586: peptidoglycan maturation (meso-diaminopimelate containing)	0.0063	0.00789	0.952	0.979
GLUCARGALACTSUPER-PWY: superpathway of D-glucarate and D-galactarate degradation	0.00648	0.00806	0.7	0.979
GALACTARDEG-PWY: D-galactarate degradation I	0.00648	0.00806	0.7	0.979
PHOSLIPSYN-PWY: superpathway of phospholipid biosynthesis I (bacteria)	0.00652	0.00808	0.992	0.997
PWY3DJ-35471: L-ascorbate biosynthesis IV (animals, D-glucuronate pathway)	0.00677	0.00837	0.461	0.979
PWY-6471: peptidoglycan biosynthesis IV (Enterococcus faecium)	0.0068	0.00837	0.0716	0.979
P41-PWY: pyruvate fermentation to acetate and (S)-lactate I	0.00713	0.00875	0.999	0.999
PWY-6293: superpathway of L-cysteine biosynthesis (fungi)	0.00726	0.00888	0.193	0.979
REDCITCYC: TCA cycle VI (Helicobacter)	0.00735	0.00896	0.265	0.979
GLUCARDEG-PWY: D-glucarate degradation I	0.00747	0.00907	0.688	0.979
BIOTIN-BIOSYNTHESIS-PWY: biotin biosynthesis I	0.00753	0.00912	0.481	0.979
PWY66-367: ketogenesis	0.00789	0.00953	0.34	0.979
GOLPDLCAT-PWY: superpathway of glycerol degradation to 1,3-propanediol	0.00815	0.00981	0.198	0.979
PWY4FS-8: phosphatidylglycerol biosynthesis II (non-plastidic)	0.0083	0.00995	0.609	0.979
PWY-5920: superpathway of heme b biosynthesis from glycine	0.0086	0.0103	0.551	0.979
PWY4FS-7: phosphatidylglycerol biosynthesis I (plastidic)	0.00867	0.0103	0.544	0.979
PWY3O-4107: NAD salvage pathway V (PNC V cycle)	0.00919	0.0109	0.216	0.979
URSIN-PWY: ureide biosynthesis	0.00927	0.011	0.296	0.979
P4-PWY: superpathway of L-lysine, L-threonine and L-methionine biosynthesis I	0.00929	0.011	0.437	0.979
PWY-6807: xyloglucan degradation II (exoglucanase)	0.00934	0.011	0.877	0.979
PWY-5913: partial TCA cycle (obligate autotrophs)	0.00943	0.0111	0.579	0.979
PWY-6519: 8-amino-7-oxononanoate biosynthesis I	0.0095	0.0111	0.535	0.979
PWY0-781: aspartate superpathway	0.00981	0.0114	0.416	0.979
PANTO-PWY: phosphopantothenate biosynthesis I	0.00984	0.0114	0.0429	0.979
PWY-5723: Rubisco shunt	0.0102	0.0118	0.39	0.979
LIPASYN-PWY: phospholipases	0.0112	0.0129	0.397	0.979
FASYN-ELONG-PWY: fatty acid elongation -- saturated	0.0114	0.0131	0.474	0.979
PWY0-881: superpathway of fatty acid biosynthesis I (E. coli)	0.0123	0.0141	0.282	0.979
PWY-7039: phosphatidate metabolism, as a signaling molecule	0.0129	0.0148	0.326	0.979
PWY-5138: fatty acid &beta;-oxidation IV (unsaturated, even number)	0.0132	0.015	0.806	0.979
PWY-5180: toluene degradation I (aerobic) (via o-cresol)	0.0155	0.0176	0.653	0.979
CENTFERM-PWY: pyruvate fermentation to butanoate	0.0157	0.0178	0.595	0.979
PWY-6590: superpathway of Clostridium acetobutylicum acidogenic fermentation	0.016	0.0181	0.599	0.979
COLANSYN-PWY: colanic acid building blocks biosynthesis	0.0164	0.0185	0.52	0.979
PWY-241: C4 photosynthetic carbon assimilation cycle, NADP-ME type	0.018	0.0202	0.181	0.979
PWY-7117: C4 photosynthetic carbon assimilation cycle, PEPCK type	0.0184	0.0206	0.491	0.979
SALVADEHYPOX-PWY: adenosine nucleotides degradation II	0.0204	0.0228	0.406	0.979
PWY-5873: ubiquinol-7 biosynthesis (late decarboxylation)	0.0246	0.0274	0.293	0.979
PWY-5651: L-tryptophan degradation to 2-amino-3-carboxymuconate semialdehyde	0.025	0.0277	0.472	0.979
PWY-6282: palmitoleate biosynthesis I (from (5Z)-dodec-5-enoate)	0.0266	0.0295	0.847	0.979
LACTOSECAT-PWY: lactose and galactose degradation I	0.0271	0.0299	0.0173	0.979
PWY-7664: oleate biosynthesis IV (anaerobic)	0.0274	0.0301	0.883	0.979
PWY-5659: GDP-mannose biosynthesis	0.0282	0.0309	0.525	0.979
PWY-7238: sucrose biosynthesis II	0.0284	0.0311	0.435	0.979
PWY0-862: (5Z)-dodecenoate biosynthesis I	0.0297	0.0324	0.875	0.979
GLYCOCAT-PWY: glycogen degradation I	0.0299	0.0326	0.425	0.979
PWY-7883: anhydromuropeptides recycling II	0.0348	0.0377	0.752	0.979
PWY-1269: CMP-3-deoxy-D-manno-octulosonate biosynthesis	0.037	0.04	0.681	0.979
PWY-5080: very long chain fatty acid biosynthesis I	0.0391	0.0422	0.19	0.979
PWY0-1261: anhydromuropeptides recycling I	0.0395	0.0425	0.313	0.979
PWY0-1298: superpathway of pyrimidine deoxyribonucleosides degradation	0.04	0.0428	0.741	0.979
PWY-6803: phosphatidylcholine acyl editing	0.042	0.0449	0.301	0.979
PWY-5981: CDP-diacylglycerol biosynthesis III	0.0486	0.0518	0.00998	0.979
UDPNACETYLGALSYN-PWY: UDP-N-acetyl-D-glucosamine biosynthesis II	0.0515	0.0546	0.173	0.979
PWY-1861: formaldehyde assimilation II (assimilatory RuMP Cycle)	0.052	0.0546	0.118	0.979
PWY0-1479: tRNA processing	0.052	0.0546	0.569	0.979
PWY-7391: isoprene biosynthesis II (engineered)	0.0522	0.0546	0.785	0.979
NAGLIPASYN-PWY: lipid IVA biosynthesis (E. coli)	0.0524	0.0546	0.621	0.979
PWY-8073: lipid IVA biosynthesis (P. putida)	0.0524	0.0546	0.621	0.979
PENTOSE-P-PWY: pentose phosphate pathway	0.0524	0.0546	0.201	0.979
PWY-2221: Entner-Doudoroff pathway III (semi-phosphorylative)	0.0524	0.0546	0.0622	0.979
NADSYN-PWY: NAD de novo biosynthesis II (from tryptophan)	0.0547	0.0567	0.385	0.979
PWY-5855: ubiquinol-7 biosynthesis (early decarboxylation)	0.0547	0.0567	0.553	0.979
AST-PWY: L-arginine degradation II (AST pathway)	0.0601	0.0621	0.587	0.979
PWY-7942: 5-oxo-L-proline metabolism	0.063	0.0649	0.602	0.979
PWY-7115: C4 photosynthetic carbon assimilation cycle, NAD-ME type	0.066	0.0678	0.583	0.979
PWY0-1241: ADP-L-glycero-&beta;-D-manno-heptose biosynthesis	0.0801	0.082	0.406	0.979
PWY-3781: aerobic respiration I (cytochrome c)	0.0815	0.0833	0.85	0.979
PWY-6531: mannitol cycle	0.0872	0.0889	0.313	0.979
PYRIDOXSYN-PWY: pyridoxal 5'-phosphate biosynthesis I	0.0884	0.0899	0.413	0.979
PWY0-162: superpathway of pyrimidine ribonucleotides de novo biosynthesis	0.109	0.11	0.58	0.979
PWY-7858: (5Z)-dodecenoate biosynthesis II	0.111	0.113	0.278	0.979
PWY0-845: superpathway of pyridoxal 5'-phosphate biosynthesis and salvage	0.112	0.113	0.27	0.979
PWY-2942: L-lysine biosynthesis III	0.13	0.131	0.0695	0.979
P185-PWY: formaldehyde assimilation III (dihydroxyacetone cycle)	0.189	0.19	0.0104	0.979
PWY-6608: guanosine nucleotides degradation III	0.237	0.237	0.252	0.979
