0M_1_p.bin.18	d__Bacteria;p__Bacillota;c__Bacilli;o__Bacillales;f__Bacillaceae;g__Bacillus;s__Bacillus sonorensis
0M_1_p.bin.23	d__Bacteria;p__Bacillota;c__Bacilli;o__Staphylococcales;f__Staphylococcaceae;g__Staphylococcus;s__Staphylococcus equorum
0M_1_p.bin.8	d__Bacteria;p__Bacillota;c__Bacilli;o__Staphylococcales;f__Staphylococcaceae;g__Staphylococcus;s__Staphylococcus xylosus_B
0M_2_p.bin.11	d__Bacteria;p__Bacillota;c__Bacilli;o__Bacillales_K;f__Sporolactobacillaceae;g__Sporolactobacillus;s__
0M_2_p.bin.2	d__Bacteria;p__Bacillota;c__Clostridia;o__Clostridiales;f__Clostridiaceae;g__Clostridium_I;s__Clostridium_I arbusti
0M_3_p.bin.12	d__Bacteria;p__Actinomycetota;c__Actinomycetes;o__Streptosporangiales;f__Streptosporangiaceae;g__Nocardiopsis;s__Nocardiopsis alba
0M_3_p.bin.20	d__Bacteria;p__Bacillota;c__Bacilli;o__Bacillales_D;f__Amphibacillaceae;g__Oceanobacillus;s__Oceanobacillus indicireducens
0M_3_p.bin.21	d__Bacteria;p__Bacillota;c__Bacilli;o__Bacillales_D;f__Amphibacillaceae;g__Pseudogracilibacillus;s__
0M_4_p.bin.23	d__Bacteria;p__Bacillota;c__Bacilli;o__Lactobacillales;f__Lactobacillaceae;g__Latilactobacillus;s__Latilactobacillus sakei
0M_4_p.bin.3	d__Bacteria;p__Actinomycetota;c__Actinomycetes;o__Mycobacteriales;f__Pseudonocardiaceae;g__Saccharopolyspora;s__Saccharopolyspora rectivirgula
0M_5_p.bin.10	d__Bacteria;p__Bacillota;c__Bacilli;o__Thermoactinomycetales;f__DSM-45169;g__Kroppenstedtia;s__Kroppenstedtia sp959600065
0M_5_p.bin.11	d__Bacteria;p__Pseudomonadota;c__Gammaproteobacteria;o__Enterobacterales;f__Enterobacteriaceae;g__Erwinia;s__Erwinia sp003937915
0M_5_p.bin.13	d__Bacteria;p__Bacillota;c__Bacilli;o__Bacillales;f__Bacillaceae;g__Bacillus;s__Bacillus glycinifermentans
0M_5_p.bin.18	d__Bacteria;p__Bacillota;c__Bacilli;o__Lactobacillales;f__Lactobacillaceae;g__Leuconostoc_B;s__Leuconostoc_B fallax
0M_5_p.bin.27	d__Bacteria;p__Bacillota;c__Bacilli;o__Bacillales;f__Bacillaceae_G;g__Bacillus_A;s__Bacillus_A cytotoxicus
0M_5_p.bin.28	d__Bacteria;p__Pseudomonadota;c__Gammaproteobacteria;o__Pseudomonadales;f__Moraxellaceae;g__Acinetobacter;s__Acinetobacter johnsonii
0M_5_p.bin.3	d__Bacteria;p__Pseudomonadota;c__Gammaproteobacteria;o__Enterobacterales;f__Enterobacteriaceae;g__Pseudescherichia;s__Pseudescherichia vulneris
0M_6_p.bin.4	d__Bacteria;p__Bacillota;c__Bacilli;o__Lactobacillales;f__Lactobacillaceae;g__Leuconostoc;s__Leuconostoc gasicomitatum
12M_1_p.bin.12	d__Bacteria;p__Bacillota;c__Bacilli;o__Lactobacillales;f__Lactobacillaceae;g__Weissella;s__Weissella cibaria
12M_2_p.bin.11	d__Bacteria;p__Bacillota;c__Bacilli;o__Lactobacillales;f__Lactobacillaceae;g__Leuconostoc;s__Leuconostoc mesenteroides
12M_2_p.bin.7	d__Bacteria;p__Bacillota;c__Bacilli;o__Staphylococcales;f__Staphylococcaceae;g__Staphylococcus;s__Staphylococcus succinus
12M_2_p.bin.9	d__Bacteria;p__Bacillota;c__Bacilli;o__Lactobacillales;f__Enterococcaceae;g__Tetragenococcus;s__Tetragenococcus halophilus
12M_3_p.bin.25	d__Bacteria;p__Bacillota;c__Bacilli;o__Lactobacillales;f__Lactobacillaceae;g__Weissella;s__Weissella paramesenteroides
12M_5_p.bin.3	d__Bacteria;p__Pseudomonadota;c__Gammaproteobacteria;o__Enterobacterales;f__Enterobacteriaceae;g__Enterobacter;s__Enterobacter asburiae_B
12M_6_p.bin.5	d__Bacteria;p__Bacillota;c__Bacilli;o__Bacillales_D;f__Amphibacillaceae;g__Virgibacillus;s__Virgibacillus proomii_B
1M_1_p.bin.14	d__Bacteria;p__Pseudomonadota;c__Gammaproteobacteria;o__Pseudomonadales;f__Halomonadaceae;g__Chromohalobacter;s__Chromohalobacter canadensis
1M_3_p.bin.27	d__Bacteria;p__Bacillota;c__Bacilli;o__Lactobacillales;f__Lactobacillaceae;g__Loigolactobacillus;s__Loigolactobacillus coryniformis
1M_3_p.bin.29	d__Bacteria;p__Bacillota;c__Bacilli;o__Lactobacillales;f__Lactobacillaceae;g__Levilactobacillus;s__Levilactobacillus brevis
1M_3_p.bin.30	d__Bacteria;p__Bacillota;c__Bacilli;o__Lactobacillales;f__Enterococcaceae;g__Enterococcus_D;s__Enterococcus_D gallinarum
1M_4_p.bin.17	d__Bacteria;p__Pseudomonadota;c__Gammaproteobacteria;o__Pseudomonadales;f__Halomonadaceae;g__Chromohalobacter;s__
1M_4_p.bin.21	d__Bacteria;p__Bacillota;c__Bacilli;o__Bacillales_B;f__Bacillaceae_C;g__;s__
1M_4_p.bin.6	d__Bacteria;p__Bacillota;c__Clostridia;o__Tissierellales;f__Sporanaerobacteraceae;g__Anaerosalibacter;s__Anaerosalibacter bizertensis
1M_5_p.bin.23	d__Bacteria;p__Bacillota;c__Bacilli;o__Bacillales_H;f__Bacillaceae_D;g__Shouchella;s__Shouchella clausii
1M_5_p.bin.40	d__Bacteria;p__Bacillota;c__Bacilli;o__Bacillales_B;f__Bacillaceae_C;g__Weizmannia;s__Weizmannia coagulans
1M_6_p.bin.14	d__Bacteria;p__Pseudomonadota;c__Gammaproteobacteria;o__Enterobacterales;f__Enterobacteriaceae;g__Rahnella;s__Rahnella inusitata
1M_6_p.bin.9	d__Bacteria;p__Bacillota;c__Bacilli;o__Bacillales;f__Bacillaceae;g__Bacillus;s__Bacillus velezensis
3M_1_p.bin.5	d__Bacteria;p__Bacillota;c__Bacilli;o__Bacillales_B;f__Caldibacillaceae;g__Caldifermentibacillus;s__Caldifermentibacillus hisashii
3M_1_p.bin.9	d__Bacteria;p__Pseudomonadota;c__Gammaproteobacteria;o__Pseudomonadales;f__Halomonadaceae;g__Kushneria;s__Kushneria sinocarnis
3M_2_p.bin.13	d__Bacteria;p__Bacillota;c__Bacilli;o__Lactobacillales;f__Lactobacillaceae;g__Leuconostoc;s__Leuconostoc lactis
3M_3_p.bin.15	d__Bacteria;p__Bacillota;c__Bacilli;o__Lactobacillales;f__Streptococcaceae;g__Lactococcus;s__Lactococcus taiwanensis
3M_3_p.bin.24	d__Bacteria;p__Bacillota;c__Bacilli;o__Staphylococcales;f__Staphylococcaceae;g__Staphylococcus;s__Staphylococcus nepalensis
6M_3.bin.1	d__Bacteria;p__Pseudomonadota;c__Gammaproteobacteria;o__Enterobacterales;f__Enterobacteriaceae;g__Escherichia;s__Escherichia coli
6M_3.bin.17	d__Bacteria;p__Bacillota;c__Bacilli;o__Bacillales_D;f__Amphibacillaceae;g__Lentibacillus;s__
6M_3.bin.5	d__Bacteria;p__Bacillota;c__Bacilli;o__Lactobacillales;f__Lactobacillaceae;g__Pediococcus;s__Pediococcus pentosaceus
6M_3.bin.6	d__Bacteria;p__Bacillota;c__Bacilli;o__Staphylococcales;f__Staphylococcaceae;g__Staphylococcus;s__Staphylococcus condimenti
6M_3.bin.9	d__Bacteria;p__Bacillota;c__Bacilli;o__Bacillales_D;f__Amphibacillaceae;g__Oceanobacillus;s__
6M_4.bin.14	d__Bacteria;p__Bacillota;c__Bacilli;o__Bacillales;f__Bacillaceae;g__Bacillus;s__Bacillus licheniformis
6M_4.bin.6	d__Bacteria;p__Bacillota;c__Bacilli;o__Lactobacillales;f__Lactobacillaceae;g__Weissella;s__Weissella confusa
6M_5.bin.26	d__Bacteria;p__Bacillota;c__Bacilli;o__Bacillales;f__Bacillaceae;g__Bacillus;s__Bacillus subtilis
6M_5.bin.29	d__Bacteria;p__Bacillota;c__Bacilli;o__Staphylococcales;f__Staphylococcaceae;g__Mammaliicoccus;s__Mammaliicoccus sciuri
6M_5.bin.31	d__Bacteria;p__Pseudomonadota;c__Gammaproteobacteria;o__Pseudomonadales;f__Moraxellaceae;g__Acinetobacter;s__Acinetobacter baumannii
6M_5.bin.32	d__Bacteria;p__Pseudomonadota;c__Gammaproteobacteria;o__Enterobacterales;f__Enterobacteriaceae;g__Leclercia;s__Leclercia adecarboxylata
6M_5.bin.9	d__Bacteria;p__Actinomycetota;c__Actinomycetes;o__Mycobacteriales;f__Mycobacteriaceae;g__Corynebacterium;s__
Me_2_p.bin.1	d__Bacteria;p__Bacillota;c__Bacilli;o__Staphylococcales;f__Staphylococcaceae;g__Mammaliicoccus;s__Mammaliicoccus vitulinus
Me_3_p.bin.1	d__Bacteria;p__Bacillota;c__Bacilli;o__Lactobacillales;f__Lactobacillaceae;g__Companilactobacillus;s__Companilactobacillus nuruki
Me_3_p.bin.11	d__Bacteria;p__Bacillota;c__Bacilli;o__Staphylococcales;f__Staphylococcaceae;g__Macrococcoides;s__Macrococcoides caseolyticum
Me_3_p.bin.3	d__Bacteria;p__Bacillota;c__Bacilli;o__Lactobacillales;f__Lactobacillaceae;g__Lactiplantibacillus;s__Lactiplantibacillus plantarum
Me_3_p.bin.9	d__Bacteria;p__Bacillota;c__Bacilli;o__Lactobacillales;f__Lactobacillaceae;g__Lacticaseibacillus;s__Lacticaseibacillus paracasei
Me_5_p.bin.11	d__Bacteria;p__Bacillota;c__Bacilli;o__Bacillales_B;f__Bacillaceae_C;g__Siminovitchia;s__
Me_5_p.bin.3	d__Bacteria;p__Bacillota;c__Bacilli;o__Lactobacillales;f__Streptococcaceae;g__Lactococcus_A;s__Lactococcus_A raffinolactis
Me_5_p.bin.9	d__Bacteria;p__Bacillota;c__Bacilli;o__Lactobacillales;f__Enterococcaceae;g__Enterococcus_B;s__Enterococcus_B lactis
Me_6_p.bin.17	d__Bacteria;p__Bacillota;c__Bacilli;o__Lactobacillales;f__Lactobacillaceae;g__Pediococcus;s__Pediococcus acidilactici
Me_6_p.bin.4	d__Bacteria;p__Bacillota;c__Bacilli;o__Lactobacillales;f__Listeriaceae;g__Brochothrix;s__Brochothrix thermosphacta
