sample	stage	region	total_reads_kraken	unclassified_pct	bacteria_pct	fungi_pct	eukaryota_pct	viruses_pct	bracken_species_n	shannon	simpson	observed_species_ge0.01pct	humann_unmapped_pct	humann_unintegrated_pct	humann_pathways_n
Me_1_p	Me	1	41932681	5.703	94.28	0	0.005146	0.005914	426	1.733	0.7608	36	21.76	71.49	268
Me_2_p	Me	2	31474164	65.49	34.46	0	0.02945	0.0006545	801	1.78	0.7277	60	43.66	53.18	313
Me_3_p	Me	3	38370203	70.48	29.47	0	0.03171	0.0006646	642	1.878	0.6803	81	33.12	63.24	275
Me_4_p	Me	4	38580802	67.18	32.8	0	0.007478	7.517e-05	1094	2.721	0.8602	124	35.09	55.75	302
Me_5_p	Me	5	37359144	38.36	61.57	0	0.01336	0.007406	928	2.375	0.8318	90	26.32	67.93	387
Me_6_p	Me	6	39435875	16.92	83.06	0	0.005713	0.0008013	1779	2.727	0.8497	149	21.37	72.33	371
0M_1_p	0M	1	29454294	21.12	78.65	0	0.01673	0.008657	1871	2.874	0.9149	96	21.02	73.24	374
0M_2_p	0M	2	28435963	46.22	53.68	0	0.03822	0.0008229	988	1.567	0.6652	70	36.26	59.96	341
0M_3_p	0M	3	47864618	24.69	75.22	0	0.03532	0.005062	2457	2.327	0.7715	110	24.19	69.24	436
0M_4_p	0M	4	34504374	33.84	66.13	0	0.01046	0.004269	3230	2.975	0.8863	137	24.26	69.56	370
0M_5_p	0M	5	37950289	19.59	80.32	0	0.01357	0.0306	2326	3.089	0.9095	138	19.89	73.77	451
0M_6_p	0M	6	34062439	22.84	77.08	0	0.01574	0.01746	1609	3.078	0.9124	134	25.98	67.25	396
1M_1_p	1M	1	30920261	7.374	92.59	0	0.009835	0.005443	998	2.419	0.8634	64	16.39	78.04	360
1M_2_p	1M	2	40066835	11.66	88.27	0	0.01842	0.0003918	564	1.6	0.7302	46	18.35	76.58	278
1M_3_p	1M	3	36184878	24.21	75.71	0	0.03008	0.006119	2079	2.248	0.7438	104	23.77	69.55	409
1M_4_p	1M	4	30667647	33.99	65.98	0	0.007591	0.008374	3139	2.64	0.836	110	22.6	71.36	377
1M_5_p	1M	5	48058881	19.8	80.1	0	0.01843	0.02978	3208	3.034	0.8988	131	19.5	74.25	448
1M_6_p	1M	6	33188341	34.17	65.7	0	0.04443	0.03757	1959	3.309	0.9319	148	32.73	61.39	405
3M_1_p	3M	1	45613681	18.59	81.37	0	0.009982	0.003231	2095	2.235	0.7781	91	19.1	73.68	368
3M_2_p	3M	2	37798232	17.98	81.96	0	0.02563	0.0004339	742	1.69	0.7205	51	20.73	74.28	308
3M_3_p	3M	3	27219703	12.36	87.57	0	0.01672	0.007675	1167	1.983	0.6561	89	19.16	73.46	414
3M_4_p	3M	4	35536680	17.75	82.13	0	0.01398	0.003917	2930	1.8	0.64	81	20.42	72.28	373
6M_1	6M	1	38949361	8.132	91.82	0	0.01735	0.005592	1028	2.049	0.7625	64	15.38	79.37	371
6M_2	6M	2	28105739	16.62	83.3	0	0.02894	0.000676	651	1.673	0.7349	55	20.27	74.46	324
6M_3	6M	3	32282282	20.47	79.43	0	0.02794	0.004566	2120	1.839	0.6113	87	24.32	68.58	400
6M_4	6M	4	28403340	28.74	71.2	0	0.01212	0.01022	2645	2.486	0.8364	96	22.4	71.76	349
6M_5	6M	5	37761774	14.96	84.94	0	0.01373	0.02147	2361	2.738	0.8732	118	18.12	75.6	447
12M_1_p	12M	1	39191797	7.17	92.78	0	0.01582	0.004754	1011	2.05	0.7616	65	15.08	79.76	376
12M_2_p	12M	2	37861161	14.2	85.73	0	0.02219	0.0008029	648	1.615	0.7233	47	19.11	75.71	308
12M_3_p	12M	3	39245243	14.08	85.87	0	0.01736	0.006245	1432	1.896	0.6617	90	20.76	72.09	408
12M_5_p	12M	5	37175638	15.35	84.58	0	0.01266	0.02477	1970	2.597	0.8486	106	17.49	76.37	434
12M_6_p	12M	6	34050054	28.54	71.4	0	0.01039	0.007759	2802	2.412	0.8221	91	22.46	71.77	346
