taxon	rm_r	p_series
Bacillus	-0.8519038588340891	4.6296296296296294e-05
Enterococcus	0.7427832408069334	9.259259259259259e-05
Pediococcus	0.48844835391999775	0.007638888888888889
Tetragenococcus	0.8693455913921524	4.6296296296296294e-05
Heyndrickxia	-0.0564678177709261	0.7820370370370371
Weissella	0.5134938226010258	0.0020833333333333333
Pseudomonas	-0.16107619482221458	0.4098148148148148
Kroppenstedtia (MAG)	0.1893608890698165	0.39875
Aspergillus (F)	-0.4751321704855489	0.029583333333333333
Penicillium (F)	-0.6886707418509619	9.259259259259259e-05
Rhizomucor (F)	0.18709693099533095	0.36333333333333334
Pichia (F)	-0.07343887535676107	0.7226388888888889
