taxon	metabolite	spearman_rho	q	within_region_r	q_within	partial_r_region_stage	p_partial	p_within_perm	q_within_perm
B:Tetragenococcus	Tyr	0.8645	3.396e-06	0.913	1.715e-06	0.0944	0.7095	0.0001	0.0022080000000000003
B:Tetragenococcus	Phe	0.8217	2.727e-05	0.8898	4.14e-06	-0.1535	0.5431	0.0001	0.0022080000000000003
B:Tetragenococcus	Leu	0.8107	3.892e-05	0.8941	3.768e-06	-0.08365	0.7414	0.0001	0.0022080000000000003
B:Tetragenococcus	Lys	0.8077	3.892e-05	0.8991	3.565e-06	-0.003448	0.9892	0.0001	0.0022080000000000003
B:Tetragenococcus	Glu	0.7198	0.0006857	0.8346	4.593e-05	-0.1178	0.6414	0.0001	0.0022080000000000003
B:Enterococcus	Hypoxanthine	0.8327	1.967e-05	0.7965	0.0002214	0.5929	0.009509	0.0003	0.0028551724137931035
B:Enterococcus	Lys	0.6935	0.001154	0.7347	0.001476	0.2437	0.3298	0.0002	0.0022530612244897963
B:Enterococcus	Putrescine	0.6178	0.00476	0.6658	0.005093	0.1509	0.5501	0.0002	0.0022530612244897963
B:Enterococcus	Tyramine	0.6856	0.001326	0.552	0.02703	0.6159	0.006504	0.0004	0.003345454545454546
B:Bacillus	Phe	-0.6545	0.002396	-0.765	0.000689	0.09539	0.7065	0.0002	0.0022530612244897963
B:Bacillus	Glu	-0.6099	0.00553	-0.7853	0.0003441	-0.03832	0.88	0.0002	0.0022530612244897963
F:Penicillium	GABA	0.6636	0.002066	0.5716	0.0218	0.2418	0.3336	0.0091	0.029375438596491228
