taxon	metabolite	spearman_rho	p	within_region_r	p_within	q	q_within	partial_r_region_stage	p_partial	q_partial	p_within_perm	q_within_perm
B:Enterococcus	2-Hydroxybutyric acid	-0.2892	0.1434	0.1292	0.5666	0.2739	0.6829	0.265	0.2878	0.8787	0.5759	0.6918
B:Enterococcus	3-Hydroxybutyric acid	0.4463	0.01961	0.3416	0.1197	0.06607	0.2105	0.3157	0.2019	0.8787	0.1772	0.2787
B:Enterococcus	Ala	0.5836	0.001395	0.7226	0.0001457	0.008748	0.001787	0.3519	0.1521	0.8787	0.0001	0.002208
B:Enterococcus	Arg	0.3462	0.07694	0.4051	0.06145	0.1741	0.1327	0.2294	0.3599	0.8834	0.0453	0.1051
B:Enterococcus	Asn	0.5611	0.00233	0.6053	0.002837	0.01326	0.01383	0.205	0.4144	0.9048	0.0029	0.01345
B:Enterococcus	Asp	0.6654	0.0001521	0.698	0.0003037	0.002047	0.002941	0.1383	0.5843	0.9803	0.0002	0.002253
B:Enterococcus	Betaine	0.1886	0.346	0.08542	0.7054	0.4811	0.7988	0.2808	0.2591	0.8787	0.6555	0.7653
B:Enterococcus	Choline	0.199	0.3196	0.4394	0.04073	0.4559	0.1008	-0.009799	0.9692	1	0.0637	0.1288
B:Enterococcus	cis-Aconitic acid	0.4078	0.03472	0.3565	0.1034	0.09632	0.1923	-0.2229	0.3739	0.8834	0.0305	0.07759
B:Enterococcus	Citric acid	-0.3187	0.1052	-0.3691	0.09094	0.22	0.1755	0.04452	0.8608	1	0.0529	0.1159
B:Enterococcus	Citrulline	0.4866	0.01006	0.6952	0.0003289	0.04388	0.003027	0.1986	0.4295	0.9048	0.0002	0.002253
B:Enterococcus	Cytidine	-0.04741	0.8144	0.09439	0.6761	0.8678	0.7775	0.09508	0.7075	0.9888	0.6773	0.7772
B:Enterococcus	Cytosine	0.4457	0.01982	0.8156	3.744e-06	0.0663	9.393e-05	0.5501	0.01802	0.7132	0.0002	0.002253
B:Enterococcus	Fumaric acid	-0.5361	0.003943	-0.6734	0.0005919	0.02059	0.004476	-0.2163	0.3886	0.8834	0.0026	0.01237
B:Enterococcus	GABA	0.1044	0.6043	-0.4448	0.03804	0.7038	0.09502	0.09236	0.7155	0.9888	0.0471	0.1074
B:Enterococcus	Gln	0.616	0.0006243	0.5395	0.009559	0.004923	0.0308	0.2399	0.3376	0.8787	0.0067	0.02356
B:Enterococcus	Glu	0.5952	0.001056	0.7296	0.0001164	0.007106	0.001592	0.4911	0.03848	0.7132	0.0003	0.002855
B:Enterococcus	Gluconic acid	0.03175	0.8751	0.5311	0.01098	0.9063	0.03445	0.272	0.2748	0.8787	0.0055	0.02123
B:Enterococcus	Gly	0.6514	0.0002329	0.6997	0.0002894	0.002521	0.002904	0.3059	0.2171	0.8787	0.0003	0.002855
B:Enterococcus	Glycerol 3-phosphate	-0.1497	0.4562	-0.2632	0.2367	0.587	0.3619	-0.2212	0.3778	0.8834	0.2724	0.402
B:Enterococcus	Guanine	0.7851	1.238e-06	0.7298	0.0001158	8.544e-05	0.001592	0.4577	0.05612	0.7374	0.0005	0.003943
B:Enterococcus	His	0.6001	0.0009359	0.6785	0.0005182	0.00654	0.004136	0.2628	0.2922	0.8787	0.0005	0.003943
B:Enterococcus	Hydroxyproline	0.3525	0.07135	0.4832	0.02274	0.1662	0.06303	0.5176	0.02782	0.7132	0.0112	0.03397
B:Enterococcus	Hypoxanthine	0.8327	7.127e-08	0.7965	9.224e-06	1.967e-05	0.0002214	0.5929	0.009509	0.6194	0.0003	0.002855
B:Enterococcus	Ile	0.6526	0.0002247	0.7098	0.0002153	0.00248	0.002377	0.1112	0.6605	0.9888	0.0002	0.002253
B:Enterococcus	Isocitric acid	0.2491	0.2102	0.2184	0.3289	0.3475	0.4647	-0.2725	0.274	0.8787	0.2387	0.3571
B:Enterococcus	Lactic acid	0.3455	0.0775	0.3366	0.1256	0.1746	0.2166	0.2583	0.3008	0.8787	0.0743	0.1449
B:Enterococcus	Leu	0.6636	0.000161	0.7232	0.0001429	0.002066	0.001787	0.2257	0.3677	0.8834	0.0002	0.002253
B:Enterococcus	Lys	0.6935	6.044e-05	0.7347	9.869e-05	0.001154	0.001476	0.2437	0.3298	0.8787	0.0002	0.002253
B:Enterococcus	Malic acid	-0.4658	0.01434	-0.3618	0.098	0.05311	0.1853	-0.08545	0.736	0.9888	0.1105	0.1924
B:Enterococcus	Met	0.63	0.0004284	0.6792	0.0005086	0.003638	0.004136	-0.05662	0.8234	0.9976	0.0003	0.002855
B:Enterococcus	Ornithine	0.66	0.0001802	0.6444	0.001207	0.00221	0.007322	0.0969	0.7021	0.9888	0.0002	0.002253
B:Enterococcus	Phe	0.6459	0.0002737	0.694	0.0003403	0.002695	0.00303	0.08532	0.7364	0.9888	0.0002	0.002253
B:Enterococcus	Pro	0.4274	0.02619	0.7401	8.24e-05	0.07815	0.001338	0.5035	0.03315	0.7132	0.0004	0.003345
B:Enterococcus	Putrescine	0.6178	0.000595	0.6658	0.0007197	0.00476	0.005093	0.1509	0.5501	0.9638	0.0002	0.002253
B:Enterococcus	Ser	0.6386	0.0003376	0.6952	0.0003291	0.003106	0.003027	0.1097	0.6649	0.9888	0.0002	0.002253
B:Enterococcus	Spermidine	0.469	0.0136	0.1205	0.5932	0.05152	0.7103	0.01198	0.9624	1	0.5644	0.6817
B:Enterococcus	Succinic acid	-0.2039	0.3076	0.09724	0.6668	0.4481	0.7701	0.1948	0.4385	0.9048	0.703	0.7967
B:Enterococcus	Thr	0.6453	0.0002785	0.7032	0.0002618	0.002695	0.002834	0.1045	0.6798	0.9888	0.0002	0.002253
B:Enterococcus	Trp	0.6679	0.0001409	0.6796	0.0005032	0.001944	0.004136	-0.0984	0.6977	0.9888	0.0002	0.002253
B:Enterococcus	Tyr	0.6551	0.0002089	0.6962	0.0003199	0.002396	0.003027	0.09829	0.698	0.9888	0.0005	0.003943
B:Enterococcus	Tyramine	0.6856	7.925e-05	0.552	0.007737	0.001326	0.02703	0.6159	0.006504	0.6194	0.0004	0.003345
B:Enterococcus	Uracil	0.6581	0.0001905	0.6898	0.0003821	0.002286	0.003348	0.2896	0.2437	0.8787	0.0004	0.003345
B:Enterococcus	Uridine	-0.05595	0.7817	-0.04476	0.8432	0.8444	0.8866	-0.1057	0.6762	0.9888	0.8516	0.8954
B:Enterococcus	Val	0.6679	0.0001409	0.7382	8.778e-05	0.001944	0.001384	0.2799	0.2607	0.8787	0.0001	0.002208
B:Enterococcus	β-Ala	0.01709	0.9326	-0.1718	0.4447	0.9551	0.5735	0.1132	0.6547	0.9888	0.2967	0.431
B:Bacillus	2-Hydroxybutyric acid	-0.4161	0.03086	-0.3388	0.123	0.08918	0.2148	0.1254	0.6201	0.9888	0.1004	0.1823
B:Bacillus	3-Hydroxybutyric acid	-0.4421	0.02096	-0.4125	0.05643	0.06772	0.1287	-0.1695	0.5013	0.938	0.0926	0.1713
B:Bacillus	Ala	-0.7186	2.427e-05	-0.7346	9.891e-05	0.0006857	0.001476	0.07141	0.7783	0.9973	0.0003	0.002855
B:Bacillus	Arg	0.42	0.02916	0.08309	0.7132	0.08473	0.805	0.03808	0.8807	1	0.6812	0.7785
B:Bacillus	Asn	-0.1716	0.3922	-0.3578	0.102	0.5307	0.1909	-0.128	0.6127	0.9888	0.088	0.166
B:Bacillus	Asp	-0.6728	0.0001207	-0.7175	0.0001709	0.0018	0.002007	0.1263	0.6174	0.9888	0.0003	0.002855
B:Bacillus	Betaine	-0.2637	0.1838	-0.07672	0.7344	0.321	0.8189	-0.05508	0.8281	0.9976	0.731	0.8152
B:Bacillus	Choline	-0.1068	0.5958	-0.4095	0.05839	0.6968	0.1305	0.2237	0.3723	0.8834	0.0519	0.1151
B:Bacillus	cis-Aconitic acid	0.2546	0.2	-0.4075	0.05978	0.3377	0.1322	-0.2248	0.3699	0.8834	0.0107	0.03281
B:Bacillus	Citric acid	0.7973	6.402e-07	0.508	0.01579	5.048e-05	0.0466	-0.07991	0.7526	0.9888	0.006	0.02208
B:Bacillus	Citrulline	-0.5238	0.005044	-0.6943	0.0003369	0.02531	0.00303	-0.05112	0.8403	0.9976	0.0008	0.005811
B:Bacillus	Cytidine	0.6915	6.481e-05	0.2967	0.18	0.001154	0.2839	-0.1388	0.5829	0.9803	0.1357	0.2243
B:Bacillus	Cytosine	-0.03602	0.8584	-0.6177	0.002192	0.8958	0.01233	-0.1457	0.5641	0.9641	0.0035	0.01533
B:Bacillus	Fumaric acid	0.3004	0.1278	0.6036	0.002938	0.2531	0.0139	0.01436	0.9549	1	0.001	0.0069
B:Bacillus	GABA	0.1758	0.3804	0.4365	0.04224	0.5171	0.1023	0.01573	0.9506	1	0.0552	0.1181
B:Bacillus	Gln	-0.4145	0.03157	-0.1097	0.6271	0.08937	0.7365	-0.04131	0.8707	1	0.6558	0.7653
B:Bacillus	Glu	-0.6099	0.0007314	-0.7853	1.496e-05	0.00553	0.0003441	-0.03832	0.88	1	0.0002	0.002253
B:Bacillus	Gluconic acid	0.5385	0.003761	-0.4437	0.03859	0.01996	0.09595	-0.04458	0.8606	1	0.0296	0.07616
B:Bacillus	Gly	-0.7063	3.832e-05	-0.7001	0.0002865	0.0008813	0.002904	0.01967	0.9383	1	0.0006	0.004537
B:Bacillus	Glycerol 3-phosphate	0.4411	0.02129	0.5678	0.005842	0.06821	0.02277	0.06679	0.7923	0.9976	0.0093	0.02985
B:Bacillus	Guanine	-0.04823	0.8112	-0.3056	0.1666	0.8678	0.2681	-0.0658	0.7953	0.9976	0.2044	0.3134
B:Bacillus	His	-0.6111	0.0007088	-0.6034	0.002946	0.005434	0.0139	0.08547	0.736	0.9888	0.0037	0.01601
B:Bacillus	Hydroxyproline	-0.6915	6.481e-05	-0.4449	0.03801	0.001154	0.09502	0.1022	0.6866	0.9888	0.0456	0.1053
B:Bacillus	Hypoxanthine	-0.3059	0.1208	-0.4633	0.0299	0.2442	0.07769	0.01287	0.9596	1	0.0435	0.1026
B:Bacillus	Ile	-0.6374	0.0003494	-0.7299	0.0001153	0.003162	0.001592	0.1225	0.6282	0.9888	0.0002	0.002253
B:Bacillus	Isocitric acid	0.2821	0.1541	-0.331	0.1323	0.2883	0.2269	0.04434	0.8613	1	0.0874	0.1658
B:Bacillus	Lactic acid	-0.3822	0.04915	-0.3898	0.07295	0.1222	0.1508	0.04174	0.8694	1	0.0325	0.08118
B:Bacillus	Leu	-0.6233	0.0005141	-0.7568	4.571e-05	0.004236	0.0008809	0.06118	0.8094	0.9976	0.0002	0.002253
B:Bacillus	Lys	-0.6319	0.0004073	-0.7511	5.608e-05	0.003513	0.0009986	-0.02547	0.9201	1	0.0002	0.002253
B:Bacillus	Malic acid	0.007326	0.9711	0.295	0.1826	0.9799	0.2864	-0.05405	0.8313	0.9976	0.1317	0.2196
B:Bacillus	Met	-0.6465	0.0002688	-0.7001	0.0002862	0.002695	0.002904	0.1977	0.4316	0.9048	0.0004	0.003345
B:Bacillus	Ornithine	-0.5653	0.002121	-0.622	0.001995	0.01232	0.01135	0.2614	0.2947	0.8787	0.0005	0.003943
B:Bacillus	Phe	-0.6545	0.0002127	-0.765	3.37e-05	0.002396	0.000689	0.09539	0.7065	0.9888	0.0002	0.002253
B:Bacillus	Pro	-0.6923	6.305e-05	-0.7287	0.0001199	0.001154	0.001592	0.0804	0.7512	0.9888	0.0003	0.002855
B:Bacillus	Putrescine	-0.5977	0.0009942	-0.4631	0.02998	0.00686	0.07769	0.09624	0.704	0.9888	0.0262	0.06854
B:Bacillus	Ser	-0.6026	0.0008806	-0.6825	0.0004667	0.006396	0.003963	0.131	0.6045	0.9888	0.0004	0.003345
B:Bacillus	Spermidine	-0.4094	0.03398	0.006014	0.9788	0.09515	0.9842	0.3471	0.1582	0.8787	0.9775	0.9828
B:Bacillus	Succinic acid	-0.3059	0.1208	-0.05211	0.8179	0.2442	0.8715	0.1146	0.6506	0.9888	0.8185	0.8729
B:Bacillus	Thr	-0.6129	0.000676	-0.7456	6.823e-05	0.005256	0.001141	0.06664	0.7928	0.9976	0.0002	0.002253
B:Bacillus	Trp	-0.6569	0.0001977	-0.7104	0.0002114	0.002321	0.002377	0.1886	0.4536	0.9172	0.0004	0.003345
B:Bacillus	Tyr	-0.602	0.0008942	-0.7555	4.787e-05	0.00641	0.0008809	0.24	0.3375	0.8787	0.0002	0.002253
B:Bacillus	Tyramine	0.08242	0.6828	-0.2934	0.1851	0.7583	0.2894	-0.08375	0.7411	0.9888	0.1466	0.2394
B:Bacillus	Uracil	-0.7204	2.262e-05	-0.7485	6.156e-05	0.0006857	0.001062	-0.1196	0.6363	0.9888	0.0003	0.002855
B:Bacillus	Uridine	0.3782	0.05178	0.08152	0.7184	0.1269	0.8076	-0.254	0.309	0.8787	0.7482	0.8296
B:Bacillus	Val	-0.627	0.0004657	-0.7284	0.0001211	0.003895	0.001592	0.1526	0.5454	0.961	0.0002	0.002253
B:Bacillus	β-Ala	0.01526	0.9398	-0.1733	0.4406	0.9589	0.5722	0.01914	0.9399	1	0.3165	0.4514
B:Pediococcus	2-Hydroxybutyric acid	0.6624	0.000167	0.2323	0.2982	0.002095	0.4332	0.3252	0.1879	0.8787	0.3864	0.5254
B:Pediococcus	3-Hydroxybutyric acid	-0.03908	0.8466	0.5136	0.01449	0.8901	0.04346	0.5244	0.02547	0.7132	0.0027	0.01263
B:Pediococcus	Ala	0.2106	0.2916	0.611	0.002519	0.4337	0.01324	0.3256	0.1873	0.8787	0.0004	0.003345
B:Pediococcus	Arg	-0.1587	0.4291	0.413	0.05607	0.5639	0.1284	0.452	0.05969	0.7374	0.1419	0.2324
B:Pediococcus	Asn	0.03114	0.8775	0.4825	0.02295	0.9071	0.06303	0.1459	0.5635	0.9641	0.0568	0.1211
B:Pediococcus	Asp	0.0293	0.8846	0.545	0.008711	0.9127	0.02932	-0.002178	0.9932	1	0.0009	0.006369
B:Pediococcus	Betaine	-0.1667	0.406	-0.1896	0.3981	0.5401	0.5372	-0.08088	0.7497	0.9888	0.4512	0.5792
B:Pediococcus	Choline	0.1575	0.4327	0.3545	0.1055	0.5673	0.1948	0.07251	0.775	0.9971	0.1882	0.291
B:Pediococcus	cis-Aconitic acid	-0.4689	0.01363	0.4789	0.02414	0.05152	0.06532	0.2121	0.3982	0.8834	0.0288	0.07464
B:Pediococcus	Citric acid	-0.09402	0.6409	-0.04651	0.8372	0.7319	0.8852	0.4177	0.08458	0.8773	0.8028	0.8628
B:Pediococcus	Citrulline	0.2882	0.145	0.6003	0.003141	0.2759	0.01442	0.2634	0.291	0.8787	0.0004	0.003345
B:Pediococcus	Cytidine	-0.05436	0.7877	0.2041	0.3623	0.8477	0.5037	0.3034	0.2211	0.8787	0.5226	0.6425
B:Pediococcus	Cytosine	0.2619	0.1869	0.632	0.001602	0.3235	0.009307	0.3369	0.1715	0.8787	0.0019	0.01018
B:Pediococcus	Fumaric acid	0.0399	0.8434	-0.6149	0.002323	0.8884	0.01257	-0.3645	0.137	0.8787	0.0078	0.02625
B:Pediococcus	GABA	-0.4908	0.009332	-0.2478	0.2662	0.04222	0.3971	0.3331	0.1768	0.8787	0.2172	0.3294
B:Pediococcus	Gln	-0.1245	0.536	0.3241	0.1412	0.6502	0.2376	-0.02847	0.9107	1	0.1166	0.1974
B:Pediococcus	Glu	0.1801	0.3687	0.575	0.005116	0.5038	0.02077	0.3076	0.2143	0.8787	0.0017	0.009576
B:Pediococcus	Gluconic acid	0.06227	0.7577	0.5141	0.01439	0.8265	0.04346	0.4349	0.07127	0.8029	0.0052	0.0205
B:Pediococcus	Gly	0.09096	0.6518	0.6095	0.002603	0.735	0.01331	0.3259	0.1869	0.8787	0.0016	0.009396
B:Pediococcus	Glycerol 3-phosphate	-0.1912	0.3394	-0.219	0.3275	0.4771	0.4647	-0.09972	0.6938	0.9888	0.3494	0.4895
B:Pediococcus	Guanine	-0.3223	0.101	0.5138	0.01446	0.2143	0.04346	0.1573	0.533	0.9582	0.0239	0.06373
B:Pediococcus	His	0.007326	0.9711	0.4391	0.04091	0.9799	0.1008	-0.02797	0.9123	1	0.0317	0.0799
B:Pediococcus	Hydroxyproline	0.1692	0.3988	0.3735	0.08687	0.5334	0.1725	0.3271	0.1852	0.8787	0.0315	0.07976
B:Pediococcus	Hypoxanthine	-0.2802	0.1569	0.4345	0.04332	0.2906	0.1044	-0.04676	0.8538	1	0.0322	0.08079
B:Pediococcus	Ile	0.09402	0.6409	0.5726	0.005349	0.7319	0.02155	-0.05856	0.8175	0.9976	0.0006	0.004537
B:Pediococcus	Isocitric acid	-0.3492	0.0742	0.1759	0.4336	0.1707	0.5657	-0.216	0.3893	0.8834	0.4403	0.5697
B:Pediococcus	Lactic acid	0.001221	0.9952	0.2381	0.2859	0.997	0.4175	0.07424	0.7697	0.9971	0.3072	0.4428
B:Pediococcus	Leu	0.08486	0.6739	0.5441	0.008853	0.753	0.02962	-0.0813	0.7485	0.9888	0.0016	0.009396
B:Pediococcus	Lys	0.04823	0.8112	0.5456	0.008633	0.8678	0.02923	-0.1264	0.6173	0.9888	0.0014	0.008782
B:Pediococcus	Malic acid	0.3358	0.08684	-0.3584	0.1015	0.1908	0.1905	-0.2431	0.3311	0.8787	0.1526	0.247
B:Pediococcus	Met	0.1007	0.6171	0.5661	0.006022	0.7142	0.02277	-0.005961	0.9813	1	0.0016	0.009396
B:Pediococcus	Ornithine	-0.009158	0.9638	0.5022	0.01723	0.978	0.05033	0.001049	0.9967	1	0.0056	0.02147
B:Pediococcus	Phe	0.09341	0.6431	0.5426	0.009078	0.7319	0.03019	-0.002472	0.9922	1	0.0019	0.01018
B:Pediococcus	Pro	0.3516	0.07207	0.504	0.01677	0.1671	0.04923	0.08827	0.7276	0.9888	0.0103	0.03194
B:Pediococcus	Putrescine	0.06105	0.7623	0.5147	0.01424	0.8299	0.04342	0.00677	0.9787	1	0.0402	0.0972
B:Pediococcus	Ser	0.1172	0.5604	0.5789	0.004761	0.6681	0.01991	0.1293	0.6092	0.9888	0.0013	0.008442
B:Pediococcus	Spermidine	-0.354	0.07003	0.1077	0.6334	0.1638	0.7408	0.2218	0.3765	0.8834	0.5504	0.6707
B:Pediococcus	Succinic acid	0.5238	0.005044	0.2714	0.2219	0.02531	0.3412	0.3762	0.1239	0.8787	0.2478	0.3677
B:Pediococcus	Thr	0.09219	0.6474	0.5393	0.009598	0.7339	0.0308	-0.1008	0.6906	0.9888	0.0017	0.009576
B:Pediococcus	Trp	-0.002442	0.9904	0.5409	0.009347	0.997	0.03071	-0.1622	0.5203	0.9528	0.0017	0.009576
B:Pediococcus	Tyr	0.08181	0.685	0.5556	0.007267	0.7593	0.02572	0.02477	0.9223	1	0.0019	0.01018
B:Pediococcus	Tyramine	-0.5574	0.002524	0.468	0.02805	0.01422	0.07407	0.481	0.0433	0.7175	0.0675	0.1343
B:Pediococcus	Uracil	-0.01832	0.9278	0.4891	0.02088	0.9537	0.05851	0.08879	0.7261	0.9888	0.0098	0.03127
B:Pediococcus	Uridine	-0.08254	0.6823	0.02314	0.9186	0.7583	0.9425	-0.05398	0.8315	0.9976	0.9111	0.9365
B:Pediococcus	Val	0.0989	0.6236	0.5647	0.006176	0.7186	0.02319	-0.02933	0.908	1	0.0013	0.008442
B:Pediococcus	β-Ala	-0.2002	0.3166	0.07096	0.7537	0.4559	0.8371	0.4694	0.04939	0.7175	0.6703	0.7757
B:Kroppenstedtia (MAG)	2-Hydroxybutyric acid	-0.2196	0.2712	0.01923	0.9323	0.4169	0.9548	0.1679	0.5053	0.9423	0.9367	0.9557
B:Kroppenstedtia (MAG)	3-Hydroxybutyric acid	-0.261	0.1885	0.4593	0.03154	0.3251	0.08088	0.6462	0.003765	0.5195	0.0187	0.0511
B:Kroppenstedtia (MAG)	Ala	-0.4139	0.03185	-0.09165	0.685	0.08969	0.7861	0.3113	0.2086	0.8787	0.6592	0.7677
B:Kroppenstedtia (MAG)	Arg	0.3706	0.05706	0.2634	0.2362	0.1382	0.3619	0.3979	0.102	0.8787	0.306	0.4422
B:Kroppenstedtia (MAG)	Asn	0.1154	0.5666	0.05522	0.8072	0.6726	0.8682	0.2289	0.3608	0.8834	0.8153	0.8722
B:Kroppenstedtia (MAG)	Asp	-0.3944	0.04178	-0.1086	0.6304	0.1109	0.7388	0.2717	0.2754	0.8787	0.5786	0.6928
B:Kroppenstedtia (MAG)	Betaine	-0.2906	0.1414	0.1979	0.3773	0.2728	0.5181	0.2407	0.336	0.8787	0.3727	0.513
B:Kroppenstedtia (MAG)	Choline	0.1123	0.5769	-0.3717	0.08848	0.6805	0.1749	-0.2939	0.2364	0.8787	0.078	0.1502
B:Kroppenstedtia (MAG)	cis-Aconitic acid	-0.1331	0.5081	-0.1316	0.5592	0.6317	0.677	-0.09815	0.6984	0.9888	0.6411	0.753
B:Kroppenstedtia (MAG)	Citric acid	0.3352	0.08745	0.5969	0.00336	0.1908	0.01508	0.5929	0.009502	0.6194	0.0163	0.04567
B:Kroppenstedtia (MAG)	Citrulline	-0.1459	0.4677	-0.02753	0.9032	0.5963	0.9302	0.4196	0.08301	0.8773	0.8739	0.9119
B:Kroppenstedtia (MAG)	Cytidine	0.4804	0.01121	0.4027	0.06317	0.04686	0.135	0.4032	0.09709	0.8785	0.0719	0.1412
B:Kroppenstedtia (MAG)	Cytosine	0.2155	0.2803	-0.03041	0.8931	0.424	0.925	0.3726	0.1278	0.8787	0.8832	0.9181
B:Kroppenstedtia (MAG)	Fumaric acid	0.07856	0.6969	0.07657	0.7348	0.7678	0.8189	-0.1113	0.6602	0.9888	0.7055	0.7967
B:Kroppenstedtia (MAG)	GABA	-0.2033	0.3091	0.09903	0.661	0.4491	0.7666	-3.549e-17	1	1	0.6092	0.7185
B:Kroppenstedtia (MAG)	Gln	-0.2735	0.1675	0.06221	0.7833	0.2992	0.8591	0.1799	0.4751	0.9353	0.7702	0.8465
B:Kroppenstedtia (MAG)	Glu	-0.2271	0.2546	0.008313	0.9707	0.4027	0.9778	0.5962	0.009013	0.6194	0.9643	0.9803
B:Kroppenstedtia (MAG)	Gluconic acid	0.511	0.006453	0.2071	0.355	0.03019	0.4974	0.5753	0.01248	0.6604	0.2913	0.4243
B:Kroppenstedtia (MAG)	Gly	-0.3858	0.04684	0.01833	0.9355	0.1186	0.9563	0.488	0.03994	0.7132	0.9281	0.9523
B:Kroppenstedtia (MAG)	Glycerol 3-phosphate	0.1802	0.3684	0.05134	0.8205	0.5038	0.8727	-0.2164	0.3883	0.8834	0.8273	0.8799
B:Kroppenstedtia (MAG)	Guanine	-0.03785	0.8513	-0.01168	0.9588	0.8934	0.9747	0.1043	0.6806	0.9888	0.9703	0.9809
B:Kroppenstedtia (MAG)	His	-0.456	0.01681	-0.08521	0.7062	0.05911	0.7988	0.1842	0.4643	0.9252	0.7058	0.7967
B:Kroppenstedtia (MAG)	Hydroxyproline	-0.5199	0.005448	0.2189	0.3278	0.02661	0.4647	0.4755	0.04613	0.7175	0.356	0.4962
B:Kroppenstedtia (MAG)	Hypoxanthine	-0.149	0.4584	-0.04079	0.857	0.587	0.8976	0.1978	0.4314	0.9048	0.8693	0.9088
B:Kroppenstedtia (MAG)	Ile	-0.3474	0.07584	-0.1467	0.5147	0.1723	0.6369	0.1793	0.4764	0.9353	0.4953	0.6192
B:Kroppenstedtia (MAG)	Isocitric acid	-0.1081	0.5916	-0.4461	0.03744	0.6948	0.09438	-0.4592	0.05522	0.7374	0.1018	0.1832
B:Kroppenstedtia (MAG)	Lactic acid	-0.3071	0.1192	-0.37	0.09007	0.2428	0.1755	-0.3411	0.166	0.8787	0.1579	0.2526
B:Kroppenstedtia (MAG)	Leu	-0.3223	0.101	-0.1876	0.4031	0.2143	0.5408	0.06219	0.8063	0.9976	0.4084	0.5419
B:Kroppenstedtia (MAG)	Lys	-0.3584	0.06643	-0.1946	0.3855	0.1574	0.5254	0.01632	0.9488	1	0.3933	0.5282
B:Kroppenstedtia (MAG)	Malic acid	0.001221	0.9952	0.241	0.28	0.997	0.411	0.1671	0.5076	0.9434	0.2796	0.4097
B:Kroppenstedtia (MAG)	Met	-0.3895	0.04462	-0.1514	0.5012	0.1151	0.6291	0.1459	0.5635	0.9641	0.4777	0.604
B:Kroppenstedtia (MAG)	Ornithine	-0.3217	0.1017	-0.186	0.4071	0.2143	0.542	-0.01995	0.9374	1	0.4336	0.5645
B:Kroppenstedtia (MAG)	Phe	-0.2912	0.1406	-0.1727	0.4422	0.2722	0.5729	0.1367	0.5885	0.9831	0.4246	0.5594
B:Kroppenstedtia (MAG)	Pro	-0.3797	0.05074	-0.1271	0.5731	0.125	0.6892	0.1989	0.4288	0.9048	0.5953	0.7052
B:Kroppenstedtia (MAG)	Putrescine	-0.4719	0.01295	-0.1413	0.5306	0.05033	0.6509	-0.09574	0.7055	0.9888	0.5595	0.6773
B:Kroppenstedtia (MAG)	Ser	-0.2991	0.1296	-0.08815	0.6965	0.2554	0.7927	0.3025	0.2224	0.8787	0.6773	0.7772
B:Kroppenstedtia (MAG)	Spermidine	-0.4895	0.009565	-0.1125	0.6182	0.04293	0.7291	-0.1772	0.4819	0.9353	0.4894	0.6154
B:Kroppenstedtia (MAG)	Succinic acid	-0.442	0.02098	0.1407	0.5322	0.06772	0.6514	0.1713	0.4968	0.9377	0.5489	0.6703
B:Kroppenstedtia (MAG)	Thr	-0.3297	0.0931	-0.1756	0.4345	0.2015	0.5657	0.09403	0.7105	0.9888	0.4327	0.5645
B:Kroppenstedtia (MAG)	Trp	-0.4463	0.01963	-0.1859	0.4074	0.06607	0.542	0.06108	0.8097	0.9976	0.3694	0.511
B:Kroppenstedtia (MAG)	Tyr	-0.2045	0.3062	-0.2044	0.3614	0.4471	0.5037	0.0008206	0.9974	1	0.3443	0.4836
B:Kroppenstedtia (MAG)	Tyramine	0.09463	0.6387	0.3808	0.08042	0.7319	0.1626	0.4908	0.03862	0.7132	0.1109	0.1924
B:Kroppenstedtia (MAG)	Uracil	-0.4768	0.01192	-0.05336	0.8136	0.04918	0.8686	0.3216	0.1932	0.8787	0.7988	0.8628
B:Kroppenstedtia (MAG)	Uridine	0.4301	0.02512	0.4571	0.03244	0.07704	0.08253	0.4316	0.07372	0.8139	0.0598	0.1232
B:Kroppenstedtia (MAG)	Val	-0.3425	0.08033	-0.1464	0.5157	0.1803	0.6369	0.1862	0.4594	0.9188	0.5272	0.6467
B:Kroppenstedtia (MAG)	β-Ala	-0.1551	0.4399	0.1142	0.6129	0.5727	0.7245	0.276	0.2677	0.8787	0.6426	0.7531
F:Aspergillus	2-Hydroxybutyric acid	-0.09081	0.6524	-0.2896	0.1911	0.735	0.2979	-0.02597	0.9185	1	0.1411	0.2318
F:Aspergillus	3-Hydroxybutyric acid	-0.5193	0.005505	-0.3329	0.1301	0.02666	0.2237	-0.1201	0.635	0.9888	0.1015	0.1832
F:Aspergillus	Ala	-0.3413	0.08149	-0.553	0.0076	0.1821	0.02672	0.02111	0.9337	1	0.0112	0.03397
F:Aspergillus	Arg	0.2051	0.3047	0.04354	0.8474	0.4461	0.8893	-0.0336	0.8947	1	0.8356	0.8836
F:Aspergillus	Asn	-0.04762	0.8135	-0.166	0.4603	0.8678	0.5882	0.1702	0.4994	0.9377	0.4441	0.5719
F:Aspergillus	Asp	-0.3779	0.05196	-0.5762	0.005008	0.1269	0.02076	-0.09958	0.6942	0.9888	0.0101	0.03168
F:Aspergillus	Betaine	0.0989	0.6236	0.1584	0.4815	0.7186	0.6096	0.2257	0.3678	0.8834	0.5479	0.6703
F:Aspergillus	Choline	0.2625	0.1859	-0.3023	0.1715	0.3227	0.2744	0.1244	0.6228	0.9888	0.1609	0.2567
F:Aspergillus	cis-Aconitic acid	-0.536	0.003953	-0.4371	0.04193	0.02059	0.1023	-0.3523	0.1516	0.8787	0.0141	0.04054
F:Aspergillus	Citric acid	0.1368	0.4964	0.1721	0.4437	0.6228	0.5735	-0.3822	0.1175	0.8787	0.3359	0.473
F:Aspergillus	Citrulline	-0.149	0.4584	-0.5324	0.01075	0.587	0.0341	-0.03301	0.8965	1	0.0227	0.06083
F:Aspergillus	Cytidine	0.1903	0.3418	0.1168	0.6046	0.4789	0.7162	-0.2661	0.2858	0.8787	0.5887	0.7004
F:Aspergillus	Cytosine	0.1044	0.6043	-0.3371	0.125	0.7038	0.2166	0.3829	0.1168	0.8787	0.1072	0.1879
F:Aspergillus	Fumaric acid	0.6877	7.368e-05	0.3262	0.1384	0.001271	0.2351	-0.238	0.3415	0.8787	0.1351	0.2239
F:Aspergillus	GABA	-0.464	0.01477	0.1489	0.5085	0.05437	0.6351	-0.3	0.2265	0.8787	0.5824	0.6957
F:Aspergillus	Gln	-0.09341	0.6431	-0.06375	0.7781	0.7319	0.8561	0.05747	0.8208	0.9976	0.8045	0.8628
F:Aspergillus	Glu	-0.2796	0.1578	-0.5558	0.007241	0.2913	0.02572	0.05166	0.8387	0.9976	0.0118	0.03521
F:Aspergillus	Gluconic acid	0.1203	0.5501	-0.3945	0.06924	0.6631	0.1453	-0.08084	0.7498	0.9888	0.116	0.197
F:Aspergillus	Gly	-0.3932	0.04248	-0.5609	0.006618	0.1117	0.02452	-0.07812	0.758	0.9892	0.0127	0.03769
F:Aspergillus	Glycerol 3-phosphate	0.03665	0.856	0.559	0.006838	0.8949	0.02483	0.3202	0.1951	0.8787	0.0038	0.01601
F:Aspergillus	Guanine	-0.2228	0.2639	-0.1176	0.6021	0.4104	0.7154	0.2479	0.3212	0.8787	0.5161	0.6373
F:Aspergillus	His	-0.3394	0.08324	-0.4368	0.04207	0.1853	0.1023	0.07021	0.7819	0.9976	0.0443	0.1036
F:Aspergillus	Hydroxyproline	-0.1888	0.3457	-0.3291	0.1348	0.4811	0.2304	0.04765	0.8511	1	0.099	0.181
F:Aspergillus	Hypoxanthine	-0.2466	0.2149	-0.2384	0.2852	0.3518	0.4175	0.2864	0.2493	0.8787	0.2064	0.3147
F:Aspergillus	Ile	-0.3816	0.04955	-0.5903	0.003825	0.1226	0.01637	-0.141	0.5767	0.9765	0.0065	0.02315
F:Aspergillus	Isocitric acid	-0.3663	0.06022	-0.3149	0.1534	0.1452	0.2521	-0.102	0.6872	0.9888	0.051	0.1135
F:Aspergillus	Lactic acid	-0.1306	0.516	-0.06051	0.7891	0.6372	0.8591	0.3551	0.1481	0.8787	0.7555	0.8357
F:Aspergillus	Leu	-0.3999	0.03877	-0.583	0.004408	0.1059	0.01857	-0.08784	0.7289	0.9888	0.0047	0.01936
F:Aspergillus	Lys	-0.3974	0.04009	-0.5559	0.007229	0.1079	0.02572	0.007614	0.9761	1	0.0066	0.02335
F:Aspergillus	Malic acid	0.5629	0.002238	0.07989	0.7238	0.01287	0.812	-0.2205	0.3793	0.8834	0.7249	0.8107
F:Aspergillus	Met	-0.3938	0.04213	-0.6075	0.00271	0.1113	0.01359	-0.2702	0.2782	0.8787	0.005	0.02
F:Aspergillus	Ornithine	-0.3748	0.05404	-0.4985	0.01821	0.1314	0.05262	0.01587	0.9502	1	0.0257	0.06755
F:Aspergillus	Phe	-0.4292	0.02549	-0.604	0.002914	0.0777	0.0139	-0.1954	0.4372	0.9048	0.006	0.02208
F:Aspergillus	Pro	-0.1404	0.4848	-0.4599	0.0313	0.6138	0.08073	0.2741	0.271	0.8787	0.0156	0.04439
F:Aspergillus	Putrescine	-0.2686	0.1755	-0.3439	0.1171	0.3095	0.2092	0.02158	0.9323	1	0.1381	0.2276
F:Aspergillus	Ser	-0.3614	0.06398	-0.6065	0.002767	0.1536	0.01364	-0.2633	0.2912	0.8787	0.0058	0.02178
F:Aspergillus	Spermidine	-0.1947	0.3304	0.1195	0.5963	0.4676	0.7124	0.2393	0.3389	0.8787	0.6726	0.7767
F:Aspergillus	Succinic acid	0.05861	0.7715	-0.3633	0.09648	0.8384	0.1837	-0.3881	0.1115	0.8787	0.0427	0.1014
F:Aspergillus	Thr	-0.3901	0.04426	-0.5935	0.003596	0.1147	0.01601	-0.156	0.5364	0.9582	0.0045	0.01868
F:Aspergillus	Trp	-0.4219	0.0284	-0.571	0.005513	0.08294	0.02189	-0.09371	0.7115	0.9888	0.01	0.03168
F:Aspergillus	Tyr	-0.3913	0.04354	-0.5668	0.005952	0.1134	0.02277	0.04414	0.8619	1	0.0053	0.02075
F:Aspergillus	Tyramine	-0.3987	0.03942	-0.1513	0.5015	0.1072	0.6291	0.05313	0.8342	0.9976	0.4359	0.5662
F:Aspergillus	Uracil	-0.4719	0.01295	-0.5376	0.009873	0.05033	0.0315	-0.04593	0.8564	1	0.0103	0.03194
F:Aspergillus	Uridine	0.2235	0.2625	0.2439	0.2741	0.4093	0.4056	0.1412	0.5761	0.9765	0.1815	0.283
F:Aspergillus	Val	-0.3852	0.04722	-0.5614	0.006556	0.119	0.02445	-0.01146	0.964	1	0.0069	0.02411
F:Aspergillus	β-Ala	-0.1465	0.4658	-0.3233	0.1422	0.5952	0.2379	-0.4103	0.09083	0.8785	0.1723	0.2725
B:Tetragenococcus	2-Hydroxybutyric acid	0.03421	0.8655	0.186	0.4074	0.8997	0.542	0.007534	0.9763	1	0.4293	0.5629
B:Tetragenococcus	3-Hydroxybutyric acid	0.2781	0.1601	0.2439	0.274	0.2936	0.4056	-0.102	0.6872	0.9888	0.2472	0.3677
B:Tetragenococcus	Ala	0.7222	2.106e-05	0.8764	8.898e-08	0.0006857	7.017e-06	0.1346	0.5942	0.988	0.0001	0.002208
B:Tetragenococcus	Arg	0.16	0.4255	0.2314	0.3001	0.5605	0.4348	0.1872	0.4569	0.9172	0.3354	0.473
B:Tetragenococcus	Asn	0.6087	0.0007546	0.6143	0.002352	0.005554	0.0126	0.2343	0.3493	0.8834	0.0059	0.02201
B:Tetragenococcus	Asp	0.7161	2.664e-05	0.8475	6.445e-07	0.0007002	2.554e-05	-0.2233	0.3731	0.8834	0.0001	0.002208
B:Tetragenococcus	Betaine	-0.1154	0.5666	-0.1046	0.6433	0.6726	0.7492	-0.2124	0.3974	0.8834	0.6013	0.7107
B:Tetragenococcus	Choline	0.428	0.02595	0.6833	0.0004563	0.07786	0.003936	0.2918	0.24	0.8787	0.0023	0.01144
B:Tetragenococcus	cis-Aconitic acid	0.2814	0.155	0.5421	0.009161	0.289	0.03028	0.15	0.5526	0.9638	0.0022	0.01114
B:Tetragenococcus	Citric acid	-0.4866	0.01006	-0.6499	0.00106	0.04388	0.006729	-0.2259	0.3674	0.8834	0.0032	0.01425
B:Tetragenococcus	Citrulline	0.674	0.000116	0.8162	3.632e-06	0.001779	9.393e-05	-0.1364	0.5895	0.9831	0.0001	0.002208
B:Tetragenococcus	Cytidine	-0.1991	0.3194	-0.1794	0.4243	0.4559	0.5587	-0.07304	0.7733	0.9971	0.4622	0.5879
B:Tetragenococcus	Cytosine	0.6465	0.0002688	0.8522	4.808e-07	0.002695	2.212e-05	0.2488	0.3194	0.8787	0.0001	0.002208
B:Tetragenococcus	Fumaric acid	-0.7215	2.166e-05	-0.8373	1.175e-06	0.0006857	4.322e-05	-0.4981	0.0354	0.7132	0.0001	0.002208
B:Tetragenococcus	GABA	-0.1526	0.4473	-0.4827	0.02288	0.5809	0.06303	0.3384	0.1696	0.8787	0.0118	0.03521
B:Tetragenococcus	Gln	0.3913	0.04354	0.4057	0.06102	0.1134	0.1326	0.01629	0.9488	1	0.0469	0.1074
B:Tetragenococcus	Glu	0.7198	2.316e-05	0.8346	1.373e-06	0.0006857	4.593e-05	-0.1178	0.6414	0.9888	0.0001	0.002208
B:Tetragenococcus	Gluconic acid	0.163	0.4166	0.5472	0.008399	0.5501	0.0288	-0.06543	0.7965	0.9976	0.007	0.0243
B:Tetragenococcus	Gly	0.7033	4.28e-05	0.8266	2.118e-06	0.000945	5.845e-05	0.05112	0.8404	0.9976	0.0001	0.002208
B:Tetragenococcus	Glycerol 3-phosphate	-0.2755	0.1643	-0.4218	0.05057	0.2968	0.1188	0.0002613	0.9992	1	0.0582	0.1226
B:Tetragenococcus	Guanine	0.5684	0.001981	0.617	0.002224	0.01176	0.01233	0.2487	0.3197	0.8787	0.0027	0.01263
B:Tetragenococcus	His	0.6013	0.0009079	0.7734	2.433e-05	0.006425	0.0005165	0.02738	0.9141	1	0.0001	0.002208
B:Tetragenococcus	Hydroxyproline	0.2407	0.2265	0.4019	0.0637	0.3635	0.1352	-0.033	0.8966	1	0.0371	0.09062
B:Tetragenococcus	Hypoxanthine	0.6484	0.0002548	0.7209	0.0001535	0.002654	0.001841	0.09185	0.717	0.9888	0.0001	0.002208
B:Tetragenococcus	Ile	0.7643	3.469e-06	0.8653	2.016e-07	0.0001741	1.236e-05	-0.2582	0.3009	0.8787	0.0001	0.002208
B:Tetragenococcus	Isocitric acid	0.2869	0.1467	0.493	0.01974	0.2784	0.05589	0.1704	0.4991	0.9377	0.0147	0.04204
B:Tetragenococcus	Lactic acid	0.4585	0.01616	0.4992	0.01803	0.05719	0.05239	0.5297	0.02378	0.7132	0.0287	0.07464
B:Tetragenococcus	Leu	0.8107	2.938e-07	0.8941	2.048e-08	3.892e-05	3.768e-06	-0.08365	0.7414	0.9888	0.0001	0.002208
B:Tetragenococcus	Lys	0.8077	3.525e-07	0.8991	1.291e-08	3.892e-05	3.565e-06	-0.003448	0.9892	1	0.0001	0.002208
B:Tetragenococcus	Malic acid	-0.5305	0.004416	-0.5758	0.005041	0.02278	0.02076	-0.5228	0.02601	0.7132	0.0088	0.02857
B:Tetragenococcus	Met	0.754	5.59e-06	0.8634	2.3e-07	0.0002374	1.27e-05	-0.2119	0.3985	0.8834	0.0001	0.002208
B:Tetragenococcus	Ornithine	0.7643	3.469e-06	0.834	1.415e-06	0.0001741	4.593e-05	0.1731	0.492	0.9377	0.0001	0.002208
B:Tetragenococcus	Phe	0.8217	1.482e-07	0.8898	3e-08	2.727e-05	4.14e-06	-0.1535	0.5431	0.961	0.0001	0.002208
B:Tetragenococcus	Pro	0.6215	0.0005399	0.8615	2.608e-07	0.004383	1.309e-05	0.1789	0.4776	0.9353	0.0001	0.002208
B:Tetragenococcus	Putrescine	0.5568	0.002558	0.6668	0.0007018	0.01426	0.005031	-0.09888	0.6963	0.9888	0.0007	0.005222
B:Tetragenococcus	Ser	0.7607	4.117e-06	0.8474	6.478e-07	0.0001894	2.554e-05	-0.1236	0.6252	0.9888	0.0001	0.002208
B:Tetragenococcus	Spermidine	0.21	0.293	0.1691	0.4519	0.4337	0.5814	0.1573	0.5331	0.9582	0.4026	0.5381
B:Tetragenococcus	Succinic acid	-0.1178	0.5583	0.06361	0.7785	0.6676	0.8561	0.1207	0.6333	0.9888	0.7751	0.8484
B:Tetragenococcus	Thr	0.7979	6.187e-07	0.8851	4.484e-08	5.048e-05	4.95e-06	-0.1037	0.6822	0.9888	0.0001	0.002208
B:Tetragenococcus	Trp	0.7399	1.029e-05	0.878	7.867e-08	0.0004056	7.017e-06	-0.2086	0.4063	0.897	0.0001	0.002208
B:Tetragenococcus	Tyr	0.8645	6.152e-09	0.913	3.107e-09	3.396e-06	1.715e-06	0.0944	0.7095	0.9888	0.0001	0.002208
B:Tetragenococcus	Tyramine	0.3083	0.1177	0.285	0.1986	0.2415	0.3088	0.08444	0.739	0.9888	0.1474	0.24
B:Tetragenococcus	Uracil	0.6783	0.000101	0.8301	1.76e-06	0.001593	5.389e-05	0.04485	0.8597	1	0.0001	0.002208
B:Tetragenococcus	Uridine	-0.1813	0.3655	-0.2049	0.3603	0.5031	0.5035	-0.253	0.3112	0.8787	0.3933	0.5282
B:Tetragenococcus	Val	0.7796	1.644e-06	0.8723	1.214e-07	0.0001008	8.374e-06	-0.197	0.4333	0.9048	0.0001	0.002208
B:Tetragenococcus	β-Ala	-0.1264	0.5299	-0.08183	0.7173	0.6455	0.8076	-0.0048	0.9849	1	0.6875	0.7841
B:Heyndrickxia	2-Hydroxybutyric acid	-0.5175	0.0057	-0.4324	0.04445	0.02714	0.1067	-0.05447	0.83	0.9976	0.0416	0.09941
B:Heyndrickxia	3-Hydroxybutyric acid	-0.2717	0.1704	-0.2539	0.2542	0.3014	0.3813	-0.01598	0.9498	1	0.2291	0.3437
B:Heyndrickxia	Ala	-0.5958	0.00104	-0.5081	0.01576	0.007087	0.0466	-0.4049	0.09555	0.8785	0.0133	0.03884
B:Heyndrickxia	Arg	0.5116	0.006379	0.278	0.2103	0.0301	0.3251	-0.2298	0.359	0.8834	0.2009	0.3098
B:Heyndrickxia	Asn	0.04518	0.8229	0.008482	0.9701	0.8702	0.9778	0.0922	0.716	0.9888	0.9723	0.9809
B:Heyndrickxia	Asp	-0.5238	0.005044	-0.3928	0.07052	0.02531	0.1475	-0.1489	0.5554	0.9638	0.0674	0.1343
B:Heyndrickxia	Betaine	-0.2027	0.3106	0.03418	0.88	0.45	0.9148	0.1565	0.5352	0.9582	0.8899	0.9216
B:Heyndrickxia	Choline	-0.149	0.4584	-0.3828	0.07872	0.587	0.1598	-0.1885	0.4538	0.9172	0.0532	0.1161
B:Heyndrickxia	cis-Aconitic acid	0.2985	0.1304	0.04703	0.8354	0.2561	0.8851	0.05666	0.8233	0.9976	0.8681	0.9088
B:Heyndrickxia	Citric acid	0.6404	0.0003205	0.4848	0.02221	0.002998	0.06192	0.2785	0.2631	0.8787	0.0428	0.1014
B:Heyndrickxia	Citrulline	-0.3846	0.0476	-0.2839	0.2003	0.1194	0.3106	0.2381	0.3415	0.8787	0.1827	0.2841
B:Heyndrickxia	Cytidine	0.694	5.938e-05	0.4971	0.0186	0.001154	0.05347	0.01198	0.9624	1	0.0117	0.03521
B:Heyndrickxia	Cytosine	0.09219	0.6474	-0.1458	0.5174	0.7339	0.6375	0.2879	0.2467	0.8787	0.4577	0.5848
B:Heyndrickxia	Fumaric acid	0.1449	0.471	0.3213	0.1448	0.599	0.2415	0.357	0.1458	0.8787	0.104	0.1852
B:Heyndrickxia	GABA	-0.127	0.5279	-0.1778	0.4286	0.6455	0.5619	-0.5718	0.01316	0.6604	0.4177	0.5516
B:Heyndrickxia	Gln	-0.1716	0.3922	0.2183	0.3291	0.5307	0.4647	0.05896	0.8162	0.9976	0.3144	0.4508
B:Heyndrickxia	Glu	-0.4676	0.01391	-0.4114	0.05713	0.05187	0.1292	0.05789	0.8195	0.9976	0.0352	0.08713
B:Heyndrickxia	Gluconic acid	0.3864	0.04647	-0.3547	0.1052	0.1182	0.1948	-0.07944	0.754	0.9888	0.1066	0.1874
B:Heyndrickxia	Gly	-0.5446	0.003316	-0.475	0.02549	0.01777	0.06865	-0.26	0.2973	0.8787	0.0139	0.04017
B:Heyndrickxia	Glycerol 3-phosphate	0.4288	0.02562	0.6158	0.002281	0.0777	0.01246	0.1713	0.4968	0.9377	0.002	0.01051
B:Heyndrickxia	Guanine	0.1331	0.5081	-0.05748	0.7994	0.6317	0.8619	-0.3182	0.1981	0.8787	0.8191	0.8729
B:Heyndrickxia	His	-0.594	0.001088	-0.411	0.05741	0.007233	0.1293	-0.2731	0.2728	0.8787	0.048	0.1086
B:Heyndrickxia	Hydroxyproline	-0.7104	3.296e-05	-0.4063	0.06059	0.0008269	0.1322	-0.001322	0.9958	1	0.0742	0.1449
B:Heyndrickxia	Hypoxanthine	-0.2118	0.2888	-0.1627	0.4695	0.432	0.5963	-0.2139	0.394	0.8834	0.4524	0.5794
B:Heyndrickxia	Ile	-0.4756	0.01217	-0.4067	0.0603	0.04918	0.1322	-0.2701	0.2784	0.8787	0.0651	0.1307
B:Heyndrickxia	Isocitric acid	0.1557	0.4381	-0.219	0.3276	0.5727	0.4647	-0.2369	0.3439	0.8787	0.4163	0.5511
B:Heyndrickxia	Lactic acid	-0.5208	0.005353	-0.6462	0.001158	0.02638	0.007102	-0.5891	0.0101	0.6194	0.0032	0.01425
B:Heyndrickxia	Leu	-0.4591	0.016	-0.4233	0.04964	0.05699	0.1171	-0.3423	0.1644	0.8787	0.0545	0.1175
B:Heyndrickxia	Lys	-0.4451	0.02001	-0.3918	0.07132	0.06653	0.148	-0.2507	0.3156	0.8787	0.0754	0.1466
B:Heyndrickxia	Malic acid	-0.05433	0.7878	0.415	0.05476	0.8477	0.1265	0.4605	0.05448	0.7374	0.048	0.1086
B:Heyndrickxia	Met	-0.4628	0.01507	-0.4073	0.05991	0.05439	0.1322	-0.36	0.1422	0.8787	0.0612	0.1244
B:Heyndrickxia	Ornithine	-0.4634	0.01492	-0.5158	0.01401	0.05439	0.04297	-0.5594	0.01578	0.7132	0.0158	0.04473
B:Heyndrickxia	Phe	-0.4725	0.01281	-0.4168	0.05361	0.05033	0.1254	-0.3158	0.2018	0.8787	0.0596	0.1232
B:Heyndrickxia	Pro	-0.6368	0.0003555	-0.5256	0.01199	0.003165	0.03719	-0.3539	0.1496	0.8787	0.0105	0.03238
B:Heyndrickxia	Putrescine	-0.4408	0.02138	-0.1177	0.6019	0.06821	0.7154	-0.1945	0.4393	0.9048	0.5835	0.6957
B:Heyndrickxia	Ser	-0.409	0.03413	-0.4065	0.06049	0.09515	0.1322	-0.2715	0.2758	0.8787	0.0552	0.1181
B:Heyndrickxia	Spermidine	-0.3604	0.06476	0.009158	0.9677	0.1545	0.9778	-0.2844	0.2527	0.8787	0.9712	0.9809
B:Heyndrickxia	Succinic acid	-0.2558	0.1978	-0.405	0.06154	0.336	0.1327	-0.4102	0.0909	0.8785	0.0489	0.1093
B:Heyndrickxia	Thr	-0.4377	0.0224	-0.4102	0.05795	0.07012	0.13	-0.2737	0.2718	0.8787	0.0612	0.1244
B:Heyndrickxia	Trp	-0.5079	0.006834	-0.3666	0.09333	0.0317	0.1792	-0.1088	0.6674	0.9888	0.097	0.1779
B:Heyndrickxia	Tyr	-0.4255	0.02691	-0.4292	0.04624	0.07943	0.11	-0.3343	0.1751	0.8787	0.0443	0.1036
B:Heyndrickxia	Tyramine	0.185	0.3556	-0.348	0.1125	0.4908	0.2029	-0.2676	0.2831	0.8787	0.109	0.1904
B:Heyndrickxia	Uracil	-0.5794	0.001541	-0.3977	0.0668	0.009559	0.1407	-0.1577	0.5319	0.9582	0.0589	0.1232
B:Heyndrickxia	Uridine	0.5888	0.001233	0.5465	0.008505	0.007825	0.02898	0.3664	0.1347	0.8787	0.0085	0.02793
B:Heyndrickxia	Val	-0.4689	0.01363	-0.4158	0.05429	0.05152	0.126	-0.3177	0.199	0.8787	0.058	0.1226
B:Heyndrickxia	β-Ala	-0.2497	0.2091	-0.4812	0.02336	0.3466	0.06352	-0.2658	0.2864	0.8787	0.0541	0.1175
F:Penicillium	2-Hydroxybutyric acid	-0.2724	0.1692	0.06563	0.7717	0.3003	0.8519	-0.1522	0.5467	0.961	0.7393	0.8228
F:Penicillium	3-Hydroxybutyric acid	0.425	0.02713	-0.07037	0.7557	0.07965	0.8376	-0.05752	0.8206	0.9976	0.7664	0.8461
F:Penicillium	Ala	-0.2503	0.2079	-0.6475	0.001122	0.3457	0.006974	-0.1447	0.5668	0.9656	0.0023	0.01144
F:Penicillium	Arg	-0.152	0.4491	-0.4698	0.02738	0.5819	0.07267	-0.2634	0.291	0.8787	0.0101	0.03168
F:Penicillium	Asn	-0.3175	0.1066	-0.6677	0.0006854	0.2221	0.004978	-0.2667	0.2846	0.8787	0.0002	0.002253
F:Penicillium	Asp	-0.1856	0.354	-0.6628	0.0007759	0.4898	0.005353	-0.04155	0.87	1	0.0026	0.01237
F:Penicillium	Betaine	0.05678	0.7785	-0.1245	0.581	0.8426	0.6972	-0.2711	0.2766	0.8787	0.5944	0.7052
F:Penicillium	Choline	-0.707	3.747e-05	-0.609	0.002629	0.0008813	0.01331	-0.2122	0.398	0.8834	0.0008	0.005811
F:Penicillium	cis-Aconitic acid	0.5934	0.001104	-0.4025	0.06333	0.007254	0.135	0.1483	0.557	0.9638	0.0133	0.03884
F:Penicillium	Citric acid	0.2418	0.2244	0.3804	0.08069	0.3611	0.1626	-0.1759	0.4852	0.9353	0.0175	0.04806
F:Penicillium	Citrulline	-0.5549	0.002661	-0.7826	1.677e-05	0.01469	0.0003703	-0.5364	0.02173	0.7132	0.0002	0.002253
F:Penicillium	Cytidine	0.04614	0.8192	0.01613	0.9432	0.8702	0.9624	0.1522	0.5466	0.961	0.9412	0.9586
F:Penicillium	Cytosine	-0.6343	0.0003806	-0.8291	1.855e-06	0.003335	5.389e-05	-0.5077	0.03147	0.7132	0.0001	0.002208
F:Penicillium	Fumaric acid	-0.29	0.1423	0.5502	0.007979	0.2728	0.02753	-0.1005	0.6915	0.9888	0.005	0.02
F:Penicillium	GABA	0.6636	0.000161	0.5716	0.005449	0.002066	0.0218	0.2418	0.3336	0.8787	0.0091	0.02938
F:Penicillium	Gln	-0.05372	0.7901	-0.6015	0.003064	0.8485	0.01433	-0.1618	0.5213	0.9528	0.0082	0.0271
F:Penicillium	Glu	-0.3559	0.06844	-0.6424	0.001266	0.1608	0.007542	-0.2516	0.314	0.8787	0.0048	0.01963
F:Penicillium	Gluconic acid	-0.398	0.03975	-0.676	0.0005539	0.1076	0.004247	-0.4598	0.05488	0.7374	0.0014	0.008782
F:Penicillium	Gly	-0.1123	0.5769	-0.5677	0.005856	0.6805	0.02277	0.07881	0.7559	0.9888	0.0163	0.04567
F:Penicillium	Glycerol 3-phosphate	0.3561	0.06826	0.1875	0.4034	0.1608	0.5408	0.2175	0.3859	0.8834	0.3925	0.5282
F:Penicillium	Guanine	0.13	0.518	-0.6168	0.002234	0.6382	0.01233	-0.05683	0.8228	0.9976	0.0002	0.002253
F:Penicillium	His	-0.1026	0.6107	-0.5124	0.01477	0.7082	0.04406	0.3103	0.2101	0.8787	0.0222	0.05978
F:Penicillium	Hydroxyproline	-0.1203	0.5499	-0.3648	0.09505	0.6631	0.1815	-0.4073	0.09339	0.8785	0.0802	0.1537
F:Penicillium	Hypoxanthine	-0.08791	0.6628	-0.6788	0.000514	0.7452	0.004136	0.01337	0.958	1	0.0002	0.002253
F:Penicillium	Ile	-0.2277	0.2533	-0.6552	0.0009336	0.4018	0.006285	-0.01418	0.9555	1	0.0024	0.01172
F:Penicillium	Isocitric acid	0.29	0.1423	-0.2575	0.2473	0.2728	0.3745	0.1776	0.4809	0.9353	0.1057	0.1866
F:Penicillium	Lactic acid	-0.06899	0.7324	-0.1331	0.555	0.8022	0.6758	-0.04261	0.8667	1	0.4593	0.5855
F:Penicillium	Leu	-0.232	0.2443	-0.6539	0.0009649	0.3886	0.006341	0.1312	0.6039	0.9888	0.0014	0.008782
F:Penicillium	Lys	-0.1899	0.3428	-0.6781	0.0005245	0.4791	0.004136	0.01992	0.9375	1	0.001	0.0069
F:Penicillium	Malic acid	-0.4695	0.01349	0.2978	0.1783	0.05152	0.282	-0.1389	0.5824	0.9803	0.1577	0.2526
F:Penicillium	Met	-0.2125	0.2874	-0.723	0.0001438	0.4311	0.001787	-0.2528	0.3116	0.8787	0.0006	0.004537
F:Penicillium	Ornithine	-0.1343	0.5042	-0.556	0.007214	0.6297	0.02572	0.1203	0.6345	0.9888	0.0063	0.02273
F:Penicillium	Phe	-0.2473	0.2137	-0.6711	0.0006278	0.3511	0.004621	0.02909	0.9088	1	0.0019	0.01018
F:Penicillium	Pro	-0.4499	0.01853	-0.6474	0.001124	0.06393	0.006974	-0.196	0.4356	0.9048	0.0012	0.008078
F:Penicillium	Putrescine	-0.149	0.4584	-0.7016	0.0002739	0.587	0.002904	-0.3559	0.1471	0.8787	0.0003	0.002855
F:Penicillium	Ser	-0.21	0.2931	-0.6011	0.003089	0.4337	0.01433	0.2923	0.2393	0.8787	0.0079	0.02643
F:Penicillium	Spermidine	0.2137	0.2845	-0.4117	0.05692	0.4291	0.1292	-0.5116	0.03	0.7132	0.1058	0.1866
F:Penicillium	Succinic acid	-0.02869	0.887	0.06853	0.7619	0.9135	0.8428	-0.05127	0.8399	0.9976	0.7484	0.8296
F:Penicillium	Thr	-0.2241	0.2612	-0.6422	0.001271	0.4085	0.007542	0.1734	0.4915	0.9377	0.0025	0.01211
F:Penicillium	Trp	-0.1398	0.4867	-0.7163	0.0001771	0.6148	0.002037	-0.1638	0.516	0.9528	0.0009	0.006369
F:Penicillium	Tyr	-0.2845	0.1504	-0.6512	0.001027	0.2833	0.006631	0.1057	0.6762	0.9888	0.0017	0.009576
F:Penicillium	Tyramine	0.4762	0.01204	-0.3427	0.1184	0.04918	0.2105	-0.3416	0.1653	0.8787	0.0678	0.1343
F:Penicillium	Uracil	-0.04518	0.8229	-0.6717	0.0006185	0.8702	0.004614	-0.1877	0.4558	0.9172	0.0015	0.009099
F:Penicillium	Uridine	0.1177	0.5588	0.1468	0.5144	0.6676	0.6369	0.1488	0.5558	0.9638	0.4758	0.6038
F:Penicillium	Val	-0.2265	0.2559	-0.6763	0.0005497	0.4036	0.004247	-0.0797	0.7532	0.9888	0.0012	0.008078
F:Penicillium	β-Ala	0.1355	0.5003	0.2498	0.2622	0.6262	0.3923	-0.2008	0.4244	0.9048	0.2288	0.3437
B:Weissella	2-Hydroxybutyric acid	0.3359	0.08674	-0.1625	0.4699	0.1908	0.5963	0.2038	0.4172	0.9048	0.4958	0.6192
B:Weissella	3-Hydroxybutyric acid	-0.2824	0.1535	0.1001	0.6576	0.2882	0.7642	0.1917	0.4459	0.9117	0.6968	0.7914
B:Weissella	Ala	0.2918	0.1397	0.3467	0.114	0.2715	0.2043	0.3723	0.1281	0.8787	0.1019	0.1832
B:Weissella	Arg	0.03541	0.8608	0.4955	0.01903	0.8965	0.05415	-0.1091	0.6665	0.9888	0.0139	0.04017
B:Weissella	Asn	0.1276	0.5259	0.2717	0.2213	0.6451	0.3412	-0.2141	0.3935	0.8834	0.2161	0.3286
B:Weissella	Asp	0.221	0.268	0.3419	0.1194	0.4143	0.2105	0.1324	0.6005	0.9888	0.1022	0.1832
B:Weissella	Betaine	0.01648	0.935	0.1113	0.6219	0.9557	0.7319	0.309	0.2122	0.8787	0.6264	0.7373
B:Weissella	Choline	0.475	0.0123	0.0882	0.6963	0.04918	0.7927	-0.1122	0.6576	0.9888	0.7096	0.7978
B:Weissella	cis-Aconitic acid	-0.5684	0.001981	0.3243	0.1409	0.01176	0.2376	-0.1936	0.4416	0.9061	0.1564	0.2517
B:Weissella	Citric acid	-0.3498	0.07366	-0.2433	0.2753	0.1701	0.4063	-0.306	0.2168	0.8787	0.1872	0.2903
B:Weissella	Citrulline	0.4359	0.02304	0.3155	0.1527	0.07104	0.2516	0.1599	0.5262	0.9554	0.1618	0.2574
B:Weissella	Cytidine	-0.07395	0.7139	0.3715	0.08873	0.785	0.1749	-0.07128	0.7787	0.9973	0.0931	0.1713
B:Weissella	Cytosine	0.4145	0.03157	0.4532	0.03417	0.08937	0.08652	0.2662	0.2856	0.8787	0.0577	0.1225
B:Weissella	Fumaric acid	0.2133	0.2854	-0.4036	0.06252	0.4293	0.1343	0.003587	0.9887	1	0.0651	0.1307
B:Weissella	GABA	-0.4463	0.01963	-0.3132	0.1558	0.06607	0.2552	0.01675	0.9474	1	0.1805	0.2823
B:Weissella	Gln	0.1197	0.5522	0.5299	0.01119	0.6641	0.0349	0.09989	0.6933	0.9888	0.0075	0.02556
B:Weissella	Glu	0.3266	0.09635	0.2963	0.1806	0.2078	0.284	0.2685	0.2813	0.8787	0.2022	0.3109
B:Weissella	Gluconic acid	0.09829	0.6257	0.05458	0.8094	0.7196	0.8682	-0.01139	0.9642	1	0.805	0.8628
B:Weissella	Gly	0.1679	0.4026	0.3057	0.1664	0.5367	0.2681	0.2567	0.3038	0.8787	0.1701	0.2698
B:Weissella	Glycerol 3-phosphate	-0.2749	0.1652	0.08908	0.6934	0.2971	0.7927	-0.3913	0.1083	0.8787	0.7151	0.8023
B:Weissella	Guanine	-0.08303	0.6805	0.6647	0.0007393	0.7583	0.005165	0.4158	0.08615	0.8773	0.0013	0.008442
B:Weissella	His	0.246	0.2161	0.3629	0.09696	0.3518	0.1839	0.2441	0.3289	0.8787	0.0915	0.1706
B:Weissella	Hydroxyproline	0.256	0.1975	0.1453	0.5188	0.336	0.6378	0.4514	0.06006	0.7374	0.5581	0.6771
B:Weissella	Hypoxanthine	0.1703	0.3957	0.5889	0.00393	0.5334	0.01669	0.4386	0.06865	0.7895	0.008	0.0266
B:Weissella	Ile	0.2375	0.233	0.3468	0.1139	0.3727	0.2043	0.1016	0.6884	0.9888	0.0924	0.1713
B:Weissella	Isocitric acid	-0.312	0.1132	0.06067	0.7886	0.234	0.8591	-0.3762	0.1239	0.8787	0.7714	0.8465
B:Weissella	Lactic acid	0.2247	0.2599	0.1811	0.4199	0.4085	0.5545	0.3508	0.1534	0.8787	0.3902	0.5279
B:Weissella	Leu	0.246	0.2161	0.3704	0.08975	0.3518	0.1755	0.2484	0.3203	0.8787	0.0704	0.1388
B:Weissella	Lys	0.2088	0.296	0.3922	0.07099	0.4356	0.1479	0.2916	0.2404	0.8787	0.0595	0.1232
B:Weissella	Malic acid	0.4499	0.01853	-0.1495	0.5066	0.06393	0.6341	0.03872	0.8788	1	0.4926	0.618
B:Weissella	Met	0.1941	0.3319	0.3536	0.1065	0.4685	0.1952	0.03933	0.8769	1	0.0835	0.1595
B:Weissella	Ornithine	0.1654	0.4095	0.3124	0.1569	0.5434	0.2562	0.03124	0.9021	1	0.1052	0.1866
B:Weissella	Phe	0.2363	0.2354	0.3236	0.1418	0.3756	0.2379	-0.04913	0.8465	1	0.1112	0.1924
B:Weissella	Pro	0.4841	0.0105	0.3566	0.1033	0.04508	0.1923	0.4877	0.04005	0.7132	0.1132	0.1947
B:Weissella	Putrescine	0.2753	0.1645	0.5981	0.003281	0.2968	0.01485	0.2458	0.3255	0.8787	0.0021	0.01083
B:Weissella	Ser	0.199	0.3196	0.325	0.14	0.4559	0.2371	0.03344	0.8952	1	0.1154	0.1966
B:Weissella	Spermidine	-0.03179	0.8749	0.4157	0.05433	0.9063	0.126	0.2229	0.3741	0.8834	0.0297	0.07616
B:Weissella	Succinic acid	0.04518	0.8229	-0.03212	0.8872	0.8702	0.9205	0.113	0.6553	0.9888	0.9017	0.9304
B:Weissella	Thr	0.2241	0.2612	0.3485	0.112	0.4085	0.2027	0.1092	0.6663	0.9888	0.0881	0.166
B:Weissella	Trp	0.1551	0.4399	0.3197	0.147	0.5727	0.2439	-0.07453	0.7688	0.9971	0.1207	0.2038
B:Weissella	Tyr	0.2656	0.1806	0.3385	0.1233	0.3165	0.2148	0.1061	0.6753	0.9888	0.112	0.1932
B:Weissella	Tyramine	-0.4432	0.02059	0.3794	0.08162	0.06764	0.1638	0.54	0.02071	0.7132	0.1343	0.2233
B:Weissella	Uracil	0.119	0.5542	0.3196	0.1471	0.6651	0.2439	0.1057	0.6764	0.9888	0.149	0.2419
B:Weissella	Uridine	-0.1146	0.5691	0.195	0.3844	0.6741	0.5252	-0.1973	0.4325	0.9048	0.4051	0.5398
B:Weissella	Val	0.2436	0.2208	0.3858	0.07619	0.3583	0.1558	0.2889	0.2449	0.8787	0.0598	0.1232
B:Weissella	β-Ala	-0.07937	0.6939	-0.3065	0.1653	0.7661	0.2675	0.281	0.2587	0.8787	0.1246	0.2091
B:Pseudomonas	2-Hydroxybutyric acid	-0.2793	0.1583	-0.05948	0.7926	0.2913	0.8596	0.06136	0.8089	0.9976	0.7914	0.8583
B:Pseudomonas	3-Hydroxybutyric acid	0.07144	0.7233	-0.1874	0.4036	0.7937	0.5408	-0.07937	0.7542	0.9888	0.4782	0.604
B:Pseudomonas	Ala	-0.3022	0.1255	-0.1521	0.4992	0.251	0.6291	-0.07317	0.7729	0.9971	0.5046	0.6259
B:Pseudomonas	Arg	0.196	0.3273	0.1821	0.4172	0.4644	0.5533	0.4495	0.06126	0.7374	0.3967	0.5315
B:Pseudomonas	Asn	0.0006105	0.9976	0.09659	0.6689	0.9976	0.7709	0.3225	0.1918	0.8787	0.6773	0.7772
B:Pseudomonas	Asp	-0.2772	0.1616	-0.203	0.3649	0.2954	0.506	-0.253	0.3111	0.8787	0.3808	0.5193
B:Pseudomonas	Betaine	-0.221	0.268	-0.1935	0.3883	0.4143	0.5279	-0.3638	0.1378	0.8787	0.3681	0.5105
B:Pseudomonas	Choline	-0.3474	0.07584	0.03722	0.8694	0.1723	0.9072	0.0923	0.7157	0.9888	0.8809	0.9175
B:Pseudomonas	cis-Aconitic acid	0.6087	0.0007546	0.01522	0.9464	0.005554	0.9639	0.1466	0.5616	0.9641	0.9345	0.9553
B:Pseudomonas	Citric acid	0.428	0.02595	0.1684	0.4539	0.07786	0.5826	0.2846	0.2524	0.8787	0.3507	0.4901
B:Pseudomonas	Citrulline	-0.4151	0.03129	-0.2155	0.3355	0.08937	0.4725	-0.2477	0.3217	0.8787	0.3741	0.5137
B:Pseudomonas	Cytidine	0.3211	0.1024	0.1328	0.5558	0.215	0.6758	0.3142	0.2042	0.8787	0.5573	0.6771
B:Pseudomonas	Cytosine	-0.1691	0.3991	-0.04598	0.839	0.5334	0.8852	0.2073	0.4091	0.8998	0.8573	0.8997
B:Pseudomonas	Fumaric acid	-0.3959	0.04094	-0.02965	0.8958	0.1092	0.926	-0.2603	0.2969	0.8787	0.9105	0.9365
B:Pseudomonas	GABA	0.5678	0.002008	0.2617	0.2394	0.01179	0.3651	0.1972	0.4328	0.9048	0.2809	0.4102
B:Pseudomonas	Gln	-0.1319	0.512	0.009524	0.9664	0.6352	0.9778	0.1232	0.6262	0.9888	0.969	0.9809
B:Pseudomonas	Glu	-0.3089	0.1169	-0.1645	0.4645	0.2408	0.5921	-0.1761	0.4847	0.9353	0.5125	0.6343
B:Pseudomonas	Gluconic acid	0.1227	0.542	-0.05852	0.7959	0.6561	0.8614	-0.0289	0.9094	1	0.7943	0.8597
B:Pseudomonas	Gly	-0.2002	0.3166	-0.06106	0.7872	0.4559	0.8591	0.1608	0.5239	0.9544	0.8036	0.8628
B:Pseudomonas	Glycerol 3-phosphate	0.4148	0.03145	0.09786	0.6648	0.08937	0.7694	0.06084	0.8105	0.9976	0.6786	0.7772
B:Pseudomonas	Guanine	0.2167	0.2776	0.008453	0.9702	0.4209	0.9778	0.2374	0.3428	0.8787	0.9738	0.9809
B:Pseudomonas	His	-0.2167	0.2776	-0.1677	0.4558	0.4209	0.5837	-0.1951	0.4379	0.9048	0.4811	0.6063
B:Pseudomonas	Hydroxyproline	-0.3476	0.07565	-0.1477	0.5118	0.1723	0.6369	-0.1318	0.6022	0.9888	0.4969	0.6192
B:Pseudomonas	Hypoxanthine	-0.001221	0.9952	-0.0544	0.81	0.997	0.8682	0.003359	0.9894	1	0.8399	0.8865
B:Pseudomonas	Ile	-0.3016	0.1263	-0.256	0.2501	0.2517	0.3772	-0.3975	0.1023	0.8787	0.2445	0.3648
B:Pseudomonas	Isocitric acid	0.3871	0.04609	-0.1402	0.5338	0.1182	0.6519	-0.08885	0.7259	0.9888	0.4304	0.563
B:Pseudomonas	Lactic acid	-0.1068	0.5958	-0.05004	0.825	0.6968	0.8757	0.04034	0.8737	1	0.7898	0.8582
B:Pseudomonas	Leu	-0.2601	0.1902	-0.2243	0.3156	0.326	0.4525	-0.4492	0.06145	0.7374	0.3103	0.4461
B:Pseudomonas	Lys	-0.2607	0.1891	-0.2542	0.2536	0.3251	0.3813	-0.5358	0.02191	0.7132	0.2567	0.3799
B:Pseudomonas	Malic acid	-0.5757	0.001677	-0.198	0.3772	0.01029	0.5181	-0.2482	0.3206	0.8787	0.3879	0.5261
B:Pseudomonas	Met	-0.2656	0.1806	-0.1969	0.3798	0.3165	0.5202	-0.2266	0.3659	0.8834	0.3726	0.513
B:Pseudomonas	Ornithine	-0.1697	0.3974	-0.1175	0.6027	0.5334	0.7154	-0.001559	0.9951	1	0.5765	0.6918
B:Pseudomonas	Phe	-0.2485	0.2114	-0.1927	0.3903	0.3483	0.528	-0.4042	0.09619	0.8785	0.3755	0.5143
B:Pseudomonas	Pro	-0.3968	0.04042	-0.08866	0.6948	0.1083	0.7927	0.01057	0.9668	1	0.7091	0.7978
B:Pseudomonas	Putrescine	-0.2729	0.1684	-0.2207	0.3235	0.2999	0.4627	-0.1764	0.4837	0.9353	0.3157	0.4514
B:Pseudomonas	Ser	-0.2515	0.2057	-0.147	0.5138	0.3437	0.6369	-0.06051	0.8115	0.9976	0.5188	0.6392
B:Pseudomonas	Spermidine	0.03669	0.8558	0.08527	0.706	0.8949	0.7988	-0.06128	0.8091	0.9976	0.6941	0.79
B:Pseudomonas	Succinic acid	-0.3602	0.06495	-0.2351	0.2923	0.1545	0.4257	-0.2163	0.3886	0.8834	0.3277	0.465
B:Pseudomonas	Thr	-0.2515	0.2057	-0.1996	0.3732	0.3437	0.5164	-0.2951	0.2345	0.8787	0.3629	0.5046
B:Pseudomonas	Trp	-0.2186	0.2734	-0.1931	0.3894	0.4181	0.528	-0.2545	0.3082	0.8787	0.381	0.5193
B:Pseudomonas	Tyr	-0.2112	0.2902	-0.1318	0.5588	0.433	0.677	-0.0613	0.8091	0.9976	0.5668	0.6831
B:Pseudomonas	Tyramine	0.4371	0.02261	0.0276	0.903	0.07012	0.9302	0.08851	0.7269	0.9888	0.8871	0.9204
B:Pseudomonas	Uracil	-0.1392	0.4887	-0.1061	0.6385	0.6159	0.7451	-0.1058	0.6762	0.9888	0.662	0.7677
B:Pseudomonas	Uridine	0.2513	0.2061	0.1791	0.4251	0.3437	0.5587	0.3541	0.1494	0.8787	0.4407	0.5697
B:Pseudomonas	Val	-0.2741	0.1665	-0.241	0.2799	0.2984	0.411	-0.396	0.1038	0.8787	0.2786	0.4097
B:Pseudomonas	β-Ala	0.01465	0.9422	-0.06137	0.7862	0.9596	0.8591	-0.08955	0.7238	0.9888	0.7255	0.8107
B:Chromohalobacter	2-Hydroxybutyric acid	-0.1785	0.373	0.07677	0.7342	0.5084	0.8189	0.0132	0.9585	1	0.7679	0.8461
B:Chromohalobacter	3-Hydroxybutyric acid	-0.1261	0.5309	0.1762	0.4329	0.6455	0.5657	0.06029	0.8121	0.9976	0.4272	0.5615
B:Chromohalobacter	Ala	0.2088	0.296	0.6104	0.002554	0.4356	0.0133	0.03205	0.8995	1	0.0051	0.02025
B:Chromohalobacter	Arg	0.4597	0.01584	0.3013	0.173	0.05679	0.2759	0.3369	0.1716	0.8787	0.2054	0.3141
B:Chromohalobacter	Asn	0.2924	0.1388	0.3694	0.09063	0.2708	0.1755	-0.05189	0.838	0.9976	0.1272	0.2128
B:Chromohalobacter	Asp	0.243	0.222	0.5999	0.003162	0.3583	0.01442	-0.08666	0.7324	0.9888	0.0038	0.01601
B:Chromohalobacter	Betaine	-0.058	0.7738	0.0596	0.7922	0.8392	0.8596	0.03584	0.8877	1	0.8325	0.8836
B:Chromohalobacter	Choline	0.4493	0.01871	0.4636	0.02975	0.06415	0.07769	0.01123	0.9647	1	0.0544	0.1175
B:Chromohalobacter	cis-Aconitic acid	0.3132	0.1117	0.3265	0.138	0.2318	0.2351	-0.08968	0.7234	0.9888	0.0846	0.161
B:Chromohalobacter	Citric acid	0.257	0.1956	-0.3085	0.1624	0.3343	0.2637	0.2994	0.2274	0.8787	0.0929	0.1713
B:Chromohalobacter	Citrulline	0.3834	0.04837	0.6049	0.002857	0.1208	0.01383	0.05597	0.8254	0.9976	0.0061	0.0223
B:Chromohalobacter	Cytidine	0.3331	0.08953	0.0006671	0.9976	0.1946	0.9979	0.2506	0.3158	0.8787	0.9987	0.9987
B:Chromohalobacter	Cytosine	0.7021	4.472e-05	0.6988	0.0002971	0.0009495	0.002929	0.4158	0.08614	0.8773	0.0015	0.009099
B:Chromohalobacter	Fumaric acid	-0.1314	0.5137	-0.5404	0.009421	0.6358	0.03077	0.007834	0.9754	1	0.013	0.03837
B:Chromohalobacter	GABA	-0.04212	0.8347	-0.4297	0.04597	0.881	0.1099	-0.06889	0.7859	0.9976	0.0529	0.1159
B:Chromohalobacter	Gln	-0.01709	0.9326	0.3098	0.1606	0.9551	0.2616	-0.01335	0.9581	1	0.1785	0.2799
B:Chromohalobacter	Glu	0.3864	0.04647	0.651	0.001033	0.1182	0.006631	0.1624	0.5198	0.9528	0.0021	0.01083
B:Chromohalobacter	Gluconic acid	0.7179	2.484e-05	0.54	0.009477	0.0006857	0.03077	0.2824	0.2562	0.8787	0.0168	0.0466
B:Chromohalobacter	Gly	0.2167	0.2776	0.6588	0.0008564	0.4209	0.005836	0.2769	0.266	0.8787	0.0032	0.01425
B:Chromohalobacter	Glycerol 3-phosphate	-0.1112	0.5809	-0.2262	0.3115	0.6837	0.4478	0.09221	0.7159	0.9888	0.3222	0.4584
B:Chromohalobacter	Guanine	0.3242	0.09901	0.4131	0.05604	0.2118	0.1284	0.01373	0.9569	1	0.0486	0.1091
B:Chromohalobacter	His	0.2082	0.2974	0.5192	0.01328	0.4366	0.04094	-0.1165	0.6452	0.9888	0.0168	0.0466
B:Chromohalobacter	Hydroxyproline	-0.00733	0.9711	0.4235	0.04952	0.9799	0.1171	0.2714	0.276	0.8787	0.0217	0.05872
B:Chromohalobacter	Hypoxanthine	0.475	0.0123	0.6539	0.0009647	0.04918	0.006341	0.3339	0.1757	0.8787	0.0022	0.01114
B:Chromohalobacter	Ile	0.2625	0.1859	0.5663	0.006006	0.3227	0.02277	-0.2568	0.3037	0.8787	0.0058	0.02178
B:Chromohalobacter	Isocitric acid	0.3254	0.09768	0.03827	0.8657	0.2098	0.9051	-0.4699	0.0491	0.7175	0.8351	0.8836
B:Chromohalobacter	Lactic acid	0.01343	0.947	0.05798	0.7977	0.9627	0.8617	-0.2604	0.2966	0.8787	0.7883	0.8582
B:Chromohalobacter	Leu	0.3046	0.1223	0.5913	0.003755	0.2465	0.01637	-0.2985	0.2289	0.8787	0.003	0.0138
B:Chromohalobacter	Lys	0.2527	0.2034	0.5515	0.007798	0.3423	0.02707	-0.4825	0.04256	0.7175	0.0057	0.0217
B:Chromohalobacter	Malic acid	-0.1038	0.6064	-0.2603	0.242	0.7047	0.368	0.1094	0.6658	0.9888	0.2798	0.4097
B:Chromohalobacter	Met	0.2192	0.272	0.5671	0.005915	0.4171	0.02277	-0.2807	0.2592	0.8787	0.0063	0.02273
B:Chromohalobacter	Ornithine	0.2759	0.1635	0.5593	0.006809	0.2968	0.02483	-0.03364	0.8946	1	0.0087	0.02842
B:Chromohalobacter	Phe	0.3004	0.1279	0.6282	0.001744	0.2531	0.01003	-0.1626	0.5192	0.9528	0.002	0.01051
B:Chromohalobacter	Pro	0.1862	0.3524	0.5594	0.006796	0.4888	0.02483	-0.1333	0.5978	0.9888	0.0064	0.02294
B:Chromohalobacter	Putrescine	0.1288	0.5219	0.4958	0.01895	0.6417	0.05415	0.0171	0.9463	1	0.0298	0.07616
B:Chromohalobacter	Ser	0.3077	0.1184	0.6413	0.001299	0.2422	0.007629	0.1171	0.6436	0.9888	0.0024	0.01172
B:Chromohalobacter	Spermidine	-0.0908	0.6524	0.153	0.4967	0.735	0.6274	-0.09199	0.7166	0.9888	0.5037	0.6259
B:Chromohalobacter	Succinic acid	-0.4011	0.03812	-0.2283	0.3068	0.1052	0.4421	-0.3135	0.2053	0.8787	0.3038	0.4402
B:Chromohalobacter	Thr	0.3034	0.1239	0.5903	0.003826	0.2487	0.01637	-0.2424	0.3325	0.8787	0.0038	0.01601
B:Chromohalobacter	Trp	0.2198	0.2707	0.5674	0.005885	0.4169	0.02277	-0.3667	0.1344	0.8787	0.0076	0.02574
B:Chromohalobacter	Tyr	0.3352	0.08745	0.6134	0.002396	0.1908	0.01272	-0.2247	0.37	0.8834	0.0035	0.01533
B:Chromohalobacter	Tyramine	0.2552	0.1989	0.3421	0.1192	0.3368	0.2105	0.2558	0.3056	0.8787	0.1033	0.1845
B:Chromohalobacter	Uracil	0.1697	0.3974	0.6071	0.002733	0.5334	0.01359	-0.02597	0.9185	1	0.0038	0.01601
B:Chromohalobacter	Uridine	0.1379	0.4928	-0.0006012	0.9979	0.6197	0.9979	0.1905	0.4489	0.9143	0.9976	0.9987
B:Chromohalobacter	Val	0.2753	0.1645	0.5751	0.005109	0.2968	0.02077	-0.2613	0.295	0.8787	0.0042	0.01756
B:Chromohalobacter	β-Ala	0.1996	0.3181	-0.02472	0.9131	0.4559	0.9386	0.1754	0.4863	0.9353	0.8961	0.9263
B:Caldifermentibacillus	2-Hydroxybutyric acid	-0.4404	0.02151	-0.4703	0.02719	0.06824	0.07251	-0.3537	0.1499	0.8787	0.0523	0.1155
B:Caldifermentibacillus	3-Hydroxybutyric acid	-0.5175	0.005703	-0.4374	0.04176	0.02714	0.1023	-0.3518	0.1523	0.8787	0.0884	0.166
B:Caldifermentibacillus	Ala	-0.5928	0.00112	-0.4901	0.02057	0.007276	0.05794	-0.4738	0.04701	0.7175	0.0055	0.02123
B:Caldifermentibacillus	Arg	0.4536	0.01748	0.04561	0.8403	0.06108	0.8852	-0.3201	0.1953	0.8787	0.8418	0.8868
B:Caldifermentibacillus	Asn	-0.06471	0.7484	-0.2079	0.3532	0.8181	0.4961	-0.2492	0.3187	0.8787	0.3296	0.4665
B:Caldifermentibacillus	Asp	-0.5208	0.005353	-0.3598	0.1	0.02638	0.1884	-0.1522	0.5466	0.961	0.0469	0.1074
B:Caldifermentibacillus	Betaine	-0.243	0.222	-0.1299	0.5645	0.3583	0.6818	-0.07599	0.7644	0.9952	0.6609	0.7677
B:Caldifermentibacillus	Choline	0.08608	0.6694	-0.229	0.3054	0.7511	0.4413	0.002571	0.9919	1	0.2234	0.3369
B:Caldifermentibacillus	cis-Aconitic acid	0.1422	0.4791	-0.0365	0.8719	0.6079	0.9081	0.0324	0.8984	1	0.9335	0.9553
B:Caldifermentibacillus	Citric acid	0.6703	0.0001304	0.2573	0.2476	0.001895	0.3745	-0.03451	0.8919	1	0.1218	0.205
B:Caldifermentibacillus	Citrulline	-0.2943	0.1363	-0.2997	0.1754	0.2667	0.2791	-0.007084	0.9777	1	0.1145	0.1957
B:Caldifermentibacillus	Cytidine	0.6447	0.0002831	0.1979	0.3773	0.002695	0.5181	-0.201	0.4239	0.9048	0.4058	0.5398
B:Caldifermentibacillus	Cytosine	0.1642	0.4131	-0.304	0.169	0.5468	0.2711	-0.2698	0.2789	0.8787	0.1728	0.2725
B:Caldifermentibacillus	Fumaric acid	0.4005	0.03844	0.3494	0.111	0.1056	0.2022	0.2878	0.2468	0.8787	0.0404	0.0972
B:Caldifermentibacillus	GABA	-0.1801	0.3687	-0.1818	0.418	0.5038	0.5533	-0.4938	0.03726	0.7132	0.4445	0.5719
B:Caldifermentibacillus	Gln	-0.3388	0.08384	-0.05345	0.8132	0.1859	0.8686	-0.3089	0.2123	0.8787	0.7804	0.8513
B:Caldifermentibacillus	Glu	-0.442	0.02098	-0.4711	0.0269	0.06772	0.07209	-0.3313	0.1792	0.8787	0.0075	0.02556
B:Caldifermentibacillus	Gluconic acid	0.5525	0.002804	-0.353	0.1071	0.01533	0.1957	-0.225	0.3694	0.8834	0.078	0.1502
B:Caldifermentibacillus	Gly	-0.5916	0.001154	-0.459	0.03165	0.007407	0.08088	-0.3497	0.1549	0.8787	0.0174	0.04802
B:Caldifermentibacillus	Glycerol 3-phosphate	0.3219	0.1015	0.591	0.003776	0.2143	0.01637	0.4449	0.06431	0.7553	0.0049	0.01989
B:Caldifermentibacillus	Guanine	-0.08547	0.6717	-0.3367	0.1255	0.752	0.2166	-0.6769	0.002034	0.5195	0.0996	0.1814
B:Caldifermentibacillus	His	-0.5476	0.00311	-0.3861	0.07595	0.01683	0.1558	-0.2466	0.3239	0.8787	0.036	0.08871
B:Caldifermentibacillus	Hydroxyproline	-0.6799	9.575e-05	-0.5315	0.0109	0.001554	0.03439	-0.3534	0.1503	0.8787	0.0482	0.1086
B:Caldifermentibacillus	Hypoxanthine	-0.2808	0.1559	-0.3421	0.1192	0.2898	0.2105	-0.5037	0.03308	0.7132	0.0607	0.1244
B:Caldifermentibacillus	Ile	-0.4737	0.01255	-0.3692	0.0908	0.04985	0.1755	-0.2474	0.3223	0.8787	0.0448	0.1043
B:Caldifermentibacillus	Isocitric acid	0.1972	0.3242	-0.07628	0.7358	0.4612	0.8189	0.04597	0.8563	1	0.7762	0.8484
B:Caldifermentibacillus	Lactic acid	-0.4835	0.01062	-0.6094	0.002605	0.04508	0.01331	-0.5267	0.02471	0.7132	0.0032	0.01425
B:Caldifermentibacillus	Leu	-0.4683	0.01377	-0.4008	0.06453	0.05169	0.1365	-0.3529	0.1509	0.8787	0.0241	0.06396
B:Caldifermentibacillus	Lys	-0.4762	0.01204	-0.3861	0.07595	0.04918	0.1558	-0.3396	0.1679	0.8787	0.0333	0.0828
B:Caldifermentibacillus	Malic acid	0.1911	0.3397	0.317	0.1507	0.4771	0.249	0.249	0.3191	0.8787	0.0781	0.1502
B:Caldifermentibacillus	Met	-0.4829	0.01073	-0.3538	0.1062	0.04521	0.1952	-0.2147	0.3923	0.8834	0.0613	0.1244
B:Caldifermentibacillus	Ornithine	-0.4628	0.01507	-0.3845	0.07722	0.05439	0.1573	-0.2228	0.3743	0.8834	0.0199	0.05411
B:Caldifermentibacillus	Phe	-0.4884	0.009745	-0.3692	0.0908	0.04338	0.1755	-0.1791	0.4771	0.9353	0.0405	0.0972
B:Caldifermentibacillus	Pro	-0.5702	0.001901	-0.5917	0.003722	0.01153	0.01637	-0.6533	0.003282	0.5195	0.0015	0.009099
B:Caldifermentibacillus	Putrescine	-0.4951	0.008645	-0.2442	0.2733	0.03944	0.4056	-0.2828	0.2556	0.8787	0.218	0.3297
B:Caldifermentibacillus	Ser	-0.4267	0.02643	-0.349	0.1115	0.07843	0.2024	-0.1716	0.4959	0.9377	0.0596	0.1232
B:Caldifermentibacillus	Spermidine	-0.4399	0.02166	-0.005264	0.9815	0.06832	0.985	-0.02465	0.9227	1	0.9807	0.9843
B:Caldifermentibacillus	Succinic acid	-0.2857	0.1485	-0.4641	0.02956	0.2808	0.07769	-0.4708	0.04863	0.7175	0.0679	0.1343
B:Caldifermentibacillus	Thr	-0.4438	0.02039	-0.3741	0.08634	0.0674	0.1721	-0.2323	0.3537	0.8834	0.0398	0.09678
B:Caldifermentibacillus	Trp	-0.5073	0.006912	-0.2986	0.177	0.0318	0.2808	0.03162	0.9009	1	0.1137	0.1949
B:Caldifermentibacillus	Tyr	-0.4371	0.02261	-0.3769	0.08376	0.07012	0.1675	-0.2003	0.4256	0.9048	0.0365	0.08955
B:Caldifermentibacillus	Tyramine	-0.1264	0.5299	-0.7556	4.769e-05	0.6455	0.0008809	-0.7677	0.0001996	0.1102	0.0019	0.01018
B:Caldifermentibacillus	Uracil	-0.6496	0.0002459	-0.4814	0.02331	0.00261	0.06352	-0.4143	0.08741	0.8773	0.0071	0.02449
B:Caldifermentibacillus	Uridine	0.4864	0.01009	0.3396	0.122	0.04388	0.2138	0.2134	0.3952	0.8834	0.0888	0.1662
B:Caldifermentibacillus	Val	-0.4835	0.01062	-0.4065	0.06045	0.04508	0.1322	-0.3867	0.1129	0.8787	0.0243	0.06418
B:Caldifermentibacillus	β-Ala	-0.0812	0.6872	-0.3664	0.09349	0.7602	0.1792	-0.2756	0.2683	0.8787	0.1558	0.2515
