stage_label,sample,2-Hydroxybutyric acid,2-Oxoglutaric acid,2-Oxoisovaleric acid,2-Phosphoglyceric acid,3-Hydroxybutyric acid,3-Phosphoglyceric acid,6-Phosphogluconic acid,Adenine,Adenosine,ADP,Ala,AMP,Anthranilic acid,Arg,Asn,Asp,Betaine,Betaine aldehyde_+H2O,cAMP,cGMP,Choline,cis-Aconitic acid,Citric acid,Citrulline,CMP,Cytidine,Cytosine,"Fructose 1,6-diphosphate",Fructose 6-phosphate,Fumaric acid,GABA,GDP,Gln,Glu,Gluconic acid,Glucose 1-phosphate,Glucose 6-phosphate,Gly,Glyceraldehyde 3-phosphate,Glycerol 3-phosphate,Glycolic acid,Glyoxylic acid,GMP,GTP,Guanine,Guanosine,His,Homoserine,Hydroxyproline,Hypoxanthine,Ile,IMP,Inosine,Isocitric acid,Lactic acid,Leu,Lys,Malic acid,Met,Ornithine,Phe,Pro,Putrescine,Pyruvic acid,Ser,Spermidine,Succinic acid,Thr,Trp,Tyr,Tyramine,UDP,UMP,Uracil,Uridine,Val,β-Ala
Meju,Me-1-p,20.0448689258041,58.3745162038351,0.0,0.0,62.7692986869822,79.4073045231119,13.7447864359928,111.283802756468,152.434611703109,23.0371632176636,4359.17386431131,192.537499003765,0.0,3610.32082632606,2141.44331154738,1498.99531917868,2438.97625150689,28.6514095123601,34.7194379891953,221.845567838038,7503.21663343279,450.289762888516,56033.0684605269,1188.1351119307,58.377026288093,38.0171364864128,39.557915352737,7.92164749626759,24.5829330679962,2802.22689988376,3556.71500788648,0.0,48.1657127021368,3962.8780147466,5093.53565074127,406.668596788099,30.5538405326958,917.912618141764,0,309.693523107584,522.749120161965,0.0,41.9539921647219,0,76.0514476145667,151.148118720582,942.217241628974,48.2919518404903,39.036352151248,132.012580820833,277.072043187218,75.944148251455,74.3172172288197,762.226511466681,87354.4999786299,487.76099391831,483.569992848835,3174.98306418316,91.7081923465698,1894.28822444369,449.374193077555,2100.44760305259,66.7072606474169,0.0,638.667239062821,33.1932023163502,2596.84967735911,433.878412729318,1015.22706274161,67.1025715980538,433.944432489448,12.3062482907946,183.946189353958,0.0,214.336828019398,532.920302256454,984.337161795556
Meju,Me-2-p,33.3369599303697,199.583373028114,17.7516596441887,143.929631044441,787.092205906047,1055.05280757996,94.5120027028931,58.0236029458391,30.0742807722452,25.9397529059274,15889.0824807558,30.6761345567126,16.5577707783914,361.275494095392,548.582459380658,7629.7581615384,10736.2384460759,432.682187996861,0.0,7.70878924970349,1177.60342374818,434.397505158647,13456.2337855249,15532.9141311079,54.7334141883414,0.0,21.9693511954537,38.7757859467351,16.1412646181482,472.568142185098,1961.38440719728,7.2886913129174395,3187.5994560351,32523.382012482,896.76658399058,19.0558419294171,34.4251403656647,18700.3154104303,0,408.846860549937,0.0,49.9245593675964,12.2359831193345,0,44.5107633341776,62.3428396780194,4709.34291391175,53.5298460582056,269.49967655527,360.412324040602,4795.79827966696,0.0,86.4178018509541,111.595738338819,5692.53487313591,4403.48723241315,7621.19169250619,3610.66800488896,1096.15844334326,1072.79575114547,3345.24791599741,9328.33260876465,243.056234986012,455.417008227672,7071.85668941174,43.3095450639328,1971.53703292458,960.645766628797,1591.14023254095,2110.35246001062,3060.94677362129,28.1174179396209,49.0771316658664,1467.94207303622,390.114728765712,5204.51427098169,1793.50026417577
Meju,Me-3-p,514.219244420884,287.47818727865,0.0,0.0,61.3362398090651,18.9079006716535,0.0,179.851038909036,64.789634643871,5.88658067904897,8719.59956805487,41.4748563108987,42.5593127580973,703.502201207822,980.567740712437,699.769149293052,1374.22163193119,26.7452795052809,10.2170374107322,93.735727448529,5621.27968777277,255.500875689217,7379.86219574748,444.213352198032,37.9036862239888,12.8767158661192,27.4223077121462,0.0,11.8610612035733,1223.76877324081,1230.73628667367,0.0,500.474954032441,9255.21226113255,598.358716453583,69.2631209070493,0.0,2965.47390291101,0,119.620370664024,267.722995019331,0.0,18.1740337507762,0,103.295425528196,42.2741654419076,1606.6503918478,40.0134828341485,127.961490227203,240.593085500858,196.134721704099,22.4501964087918,24.1029709258539,313.538611106844,114943.74276543,490.07061133808,736.915077164858,5297.98766862633,32.4037035875818,419.210549923015,174.168882576612,21718.1768175169,103.060692904897,208.249185508915,457.969261767581,2.91168309716443,6237.66638892937,260.977981411119,386.049953197571,141.921557442199,24.8366346899216,8.01179199069661,59.3155626612364,178.44361965018,96.4898848274059,600.15646273577,372.50093800819
Meju,Me-4-p,127.3653021589,104.943831210221,16.8730011420212,0.0,111.807312619911,13.6586181485528,0.0,264.738045567471,54.2419050317577,2.79612582254826,6703.72126812628,28.1654908965355,96.2845353541658,487.61619077714,356.934521086067,2321.35968014564,2981.97217992692,357.737401561941,12.3051768460093,25.3642382480718,4536.77198452466,326.15614811591,12016.2532719982,2373.53379036582,26.8713526551423,20.9475463665895,19.7437855659949,0.0,0.0,4497.43781707685,1750.98718462258,0.0,715.318079544129,11222.4008336466,2468.33045558329,69.0071885013973,12.480131443893299,2870.15727174084,0,51.6911677698879,392.545910587038,0.0,9.53012141114342,0,84.8762197389751,52.3881741227975,1115.87513904731,67.7274493377105,113.881147862314,317.33483258118,1401.23200038301,0.0,13.7191618073095,338.173326039886,31106.1526225889,2385.70840254262,2220.46824582435,9341.43659206653,361.16334477872,583.97780872264,1510.23653051454,9431.64830873597,55.6305833363589,523.976337518971,1665.66995700678,0.0,2499.09631876006,808.380366770795,567.684841515571,921.963528406862,623.503618130532,3.77335033799122,40.9888029609354,454.86762190465,211.374573962006,2450.25218540282,524.052191697431
Meju,Me-5-p,0.0,0.0,0.0,0.0,96.1639149967312,88.2530195195109,18.398109436828,59.916547512522,40.2961295689716,17.1684206618845,2968.13375434543,12.3224314816656,15.1324835309399,416.736951780856,356.914985408043,1659.76901966789,11715.5517911125,111.311424687524,22.1949449150102,22.5261045001864,1644.46956603471,255.510408077939,5889.33772993077,911.564096964562,20.5246243315497,0.0,19.9268830853013,0.0,0.0,1560.11080755684,560.511780309066,4.8944850188614,2285.7966186742,4489.13589578162,1439.71773560259,20.9976992526245,20.9841950891279,974.460420327291,0,283.721975161458,0.0,53.7567217071134,10.5490369172204,0,86.5847529027287,112.451104282592,630.507876174463,32.2270417120178,40.9744103226119,348.393560659125,451.902934678929,15.3150940926997,95.9502296659292,152.094440870037,3598.19151524908,635.228369953886,2738.17272342844,7690.34393169872,94.4184102579864,870.574799824261,705.544577142757,920.441579858695,33.1557752170521,0.0,700.051337504411,4.42755934878096,2136.76234414016,515.886059239004,461.939540785006,515.598505986902,456.972385863844,13.850894627984,34.8644253193465,317.195370184918,424.131842594131,735.175783591609,283.147061570181
Meju,Me-6-p,2495.36226011861,591.147417499566,24.8648945174746,13.7076447867655,322.377907888584,109.850934115235,14.7938014477418,317.940908519984,69.8630429883523,8.41364814227706,25642.99331839,51.4352255467067,0.0,497.63713452888,814.028547896379,2683.89575612498,6879.55191600582,45.958596887408,0.0,5.7608693855311,3616.47478875809,400.845147433524,24032.6968119756,2744.14856099783,41.5901489357092,11.980702775426,41.3949137364719,5.98068605793908,0.0,437.385756387975,5895.95458196778,0.0,633.233494317329,28941.7110212897,7775.56754370986,141.818516751504,32.0278272279512,9488.55074239112,0,120.010592954558,654.692392383432,0.0,8.65965717085252,0,114.459218719303,40.3631035795073,4981.63420395814,61.6402768797868,200.06714681695,697.833429965514,4443.01240565315,0.0,54.6576664137717,383.885107041869,136375.869598543,5611.74247026364,4472.30566439134,3113.93163502783,716.166865685625,2722.88642302895,1886.25926994551,22042.814692886,224.498349631081,1286.4897189911,4462.66743730439,6.64884336105073,6308.76263287814,2598.86466046056,925.312376606557,609.240373712096,3860.50174333365,7.92692131282906,51.4466036671972,1430.18733107011,244.860679107784,6818.87775586633,1049.54028095671
0M,0M-1-P,0.0,0.0,0.0,0.0,112.715919181466,0.0,0.0,0.0,0.0,0.0,13843.9332898047,0.0,0.0,7565.93890481217,1145.8595912834,7574.65622060348,5709.42572210028,0.0,0.0,0.0,5786.74843606538,507.647386955817,19676.1691927485,7868.11708121981,0.0,714.778907817494,825.694617729104,0.0,0.0,1378.20005413878,1357.72091282712,0.0,3256.40556718945,28821.4406740525,4522.50064296659,0.0,0.0,7498.74339443357,0,521.958769513237,0.0,0.0,0.0,0,1283.20940755444,189.145667809697,5156.59348273226,0.0,94.5435871475058,1855.2838298443,6209.46332605346,0.0,103.230641516421,508.848173029518,37876.1778023689,11354.6503047306,14910.0862305485,6163.55918010672,1521.11573374983,3078.73139351828,7203.17054846242,12597.3619241637,686.247321491986,0.0,8638.92665683454,39.8848429163265,2055.94617352618,5673.20292787185,1456.67366605499,4180.98071425952,1554.87768296711,0.0,0.0,1149.49858991503,1080.10638865086,7721.2603093873,438.009932260825
0M,0M-2-P,0.0,0.0,0.0,0.0,274.84340953223,0.0,0.0,0.0,0.0,0.0,27291.8246847976,0.0,0.0,17491.9786999523,6149.92772197605,23189.9306402743,5485.39570487321,0.0,0.0,0.0,3592.13713885054,592.799548229501,15815.7144439954,11485.9126866449,0.0,221.828083007702,187.730306751988,0.0,0.0,0.0,2686.19043936288,0.0,21795.2205687369,47697.4821289702,1715.0816510694,0.0,87.2540068823335,20863.0859789461,0,635.352430973803,0.0,0.0,0.0,0,1628.51310325853,137.524264157746,10442.7253155239,0.0,147.356191552066,2051.63381924791,16928.3201185075,0.0,96.0077566687451,579.419224807885,33422.4261285886,27526.6470994178,34508.3518681072,1927.54083811271,5302.73558263651,10707.503045202,18661.3889384418,18147.9079773691,912.957452651679,0.0,24007.1396650799,119.682345542751,2292.97021391578,15518.0751861193,3859.13952339764,10301.5453925479,3239.78402054609,0.0,0.0,1895.00855608517,1617.82136607969,20147.5105999439,324.809442451389
0M,0M-3-P,656.280224212248,590.071591594589,0.0,0.0,110.269093201535,0.0,0.0,0.0,0.0,0.0,29198.6007189568,0.0,89.5329423542941,1653.34521759596,3854.59861114951,12523.6925136217,6240.93644020513,55.582964733236,0.0,0.0,6616.37760795668,232.170424666592,5064.66138456947,19492.8596844269,0.0,0.0,1186.81853688245,0.0,0.0,1001.89213364948,883.855464484326,0.0,14155.0885988371,40685.3463755035,873.549241630903,31.1290679794979,0.0,15731.6484928653,0,300.532023518397,0.0,0.0,0.0,0,486.747078958822,0.0,8449.96994703763,0.0,235.199018463477,1762.98075969261,13210.5241930008,0.0,0.0,254.124639248782,41942.7749902001,21626.247212333,24919.6763826944,9372.11370533156,3412.85894305288,4099.16447999467,13004.2720184909,33644.5495222069,929.136446409163,0.0,17479.7768567397,59.6592685145551,6458.87469467507,11073.3833940352,2573.56268075626,9777.2304602619,64.4379407028113,0.0,0.0,1710.75805467735,188.755014203048,16364.4262973883,270.984996206673
0M,0M-4-P,0.0,0.0,0.0,0.0,0.0,0.0,0.0,0.0,0.0,0.0,13002.8016400259,0.0,0.0,4000.19611602494,2121.21637573182,4812.16175604781,4228.85150970951,103.181889510972,0.0,0.0,5652.32351286661,312.564410850034,7541.77743297078,9136.43158974904,0.0,486.728520479116,901.089007617289,0.0,0.0,750.352514649265,1185.65880283446,0.0,2309.85170594414,24140.6108893064,2278.47577826552,0.0,0.0,6490.31312175529,0,575.323124781522,0.0,0.0,0.0,0,986.409869752092,0.0,3233.37038404408,0.0,94.0713299097466,1797.76542022555,6188.95970447126,0.0,0.0,374.154085446212,42138.1871369405,10661.8457434062,14082.4912712706,3706.3764478815,1573.6878644283,1919.3676691591,7327.23263020472,12945.6834289278,571.778277665825,0.0,7269.89354006181,36.3436029040576,1685.13680841402,5447.99825731586,1384.70949663629,4985.04411622856,682.766542451478,0.0,0.0,1055.27658736395,635.646179968574,7550.64273181943,365.531569610987
0M,0M-5-P,0.0,0.0,0.0,0.0,119.337565610359,0.0,0.0,0.0,0.0,0.0,11911.4019547568,0.0,0.0,5518.26527559352,2593.12552026196,4172.50309983632,3313.05601925328,0.0,0.0,0.0,4268.92871445282,426.405276638243,11811.9516762558,7155.87541489573,0.0,756.591817611304,304.908523565165,0.0,0.0,325.233641471768,980.816898464029,0.0,5190.16931528315,20768.9274486353,1305.48430649548,0.0,0.0,5129.91503178843,0,688.119376710119,0.0,0.0,0.0,0,1108.02821752509,257.319165426173,3018.81368192587,0.0,0.0,1279.58285514197,5623.32088767147,0.0,158.760975100081,342.1376379127,25050.623067798,11257.8051228586,15501.7249713543,2445.96007422683,2162.04648978635,1280.31691219142,7175.24644147626,10159.9327971931,511.341254498687,0.0,7389.08340854624,27.226198592409,3603.69840096824,5031.80008235521,1290.05464504533,4819.58196976415,890.109925247744,0.0,0.0,915.312432356163,821.362250654606,7139.43131270325,183.786346666408
0M,0M-6-P,49.9010999686848,0.0,0.0,0.0,96.0454965383079,0.0,0.0,326.096822374776,101.879855176928,0.0,8494.16760650708,0.0,0.0,3351.82327926769,1236.65649595073,2329.97533671451,1675.1738380899,0.0,0.0,0.0,4028.24077663581,739.381560892932,26116.2251340751,3879.19229720421,0.0,320.414170395133,435.96285643102,0.0,0.0,263.279819601371,1660.95157218483,0.0,1445.72314833633,12817.1884886336,3205.70119896312,0.0,72.1884779207653,2778.0640376184,0,650.218391810776,0.0,0.0,0.0,0,448.758629435941,399.802384613873,2256.74565209125,0.0,0.0,631.994694036918,3772.98196434926,0.0,396.388722223479,680.479433856998,25174.2997139216,7622.69750859034,7653.80690139878,2569.3211268899,905.955722352385,1302.26529559082,4987.31317516085,7798.24031729492,508.075456364781,0.0,3353.74520939674,22.3926029631018,2432.93600885547,2941.78739867679,1311.3507851059,3430.11135545668,284.483806307505,0.0,0.0,823.668916369901,538.038686868014,5328.0482929567,357.116757522943
1M,1M-1-P,0.0,0.0,0.0,0.0,0.0,0.0,0.0,0.0,0.0,0.0,27398.7883198874,0.0,0.0,6913.81556896462,3624.96912154904,21779.495664356,5338.62872822221,0.0,0.0,0.0,6883.9665973239,487.213182710459,18976.7081818732,26527.5368790649,0.0,251.414102803966,2222.0658482891,0.0,0.0,1099.27643791153,1218.58288085274,0.0,6633.36609024552,62864.2637680231,13810.5677401817,0.0,0.0,17982.6788655235,0,97.8746818883212,0.0,0.0,0.0,0,1796.10217410062,0.0,10948.9723538069,0.0,174.367876918701,2318.3211370329,17888.871356406,0.0,0.0,529.228687906227,39722.3996662623,29828.8859811274,34796.1997261649,5815.08159464803,5229.28582589175,5966.5609280373,17192.0831122542,27442.3070313062,646.552058801357,0.0,24856.8807827339,21.479238564632,2256.87350599885,16388.6673625971,3004.52639990122,10332.6137245652,2356.60116467993,0.0,0.0,1592.14579794094,0.0,21218.4786391131,531.9924114313
1M,1M-2-P,0.0,0.0,0.0,0.0,310.833483019609,0.0,0.0,0.0,0.0,0.0,44020.9891111239,0.0,0.0,1799.79463612815,4755.83025556102,42167.6869684305,5626.05136865062,0.0,0.0,0.0,5709.2440987338,626.403433862209,4511.0116916071,25634.9376738354,0.0,0.0,639.512045084954,0.0,0.0,0.0,2906.12538576795,0.0,21066.9334537006,70136.8119698631,1808.26897156106,0.0,0.0,34114.0088937036,0,196.319227428953,0.0,0.0,0.0,0,1835.5777784327,0.0,18266.7606489031,0.0,170.595419135943,2254.77740582782,29525.1059056396,0.0,0.0,595.778030859141,177680.290522165,44247.9486972058,61491.482909804,525.338369651608,7963.47347314039,30370.6792849436,26244.0326765985,28921.7782826618,1260.57532353701,0.0,38728.6494981637,95.4175060484117,2549.51801383198,27009.6940106823,6631.22428897842,16560.2439583202,3498.23562762739,0.0,0.0,3364.87636415803,0.0,34083.534597322,374.606912662664
1M,1M-3-P,539.765410268511,483.223837277072,0.0,0.0,153.339530212538,0.0,0.0,0.0,0.0,0.0,42245.3895331646,0.0,0.0,1371.00153676579,4033.90954899675,32601.0576967358,5766.510069975,0.0,0.0,0.0,6236.29002283258,206.708045310031,4994.32214458715,33795.7369436617,0.0,0.0,1263.86990029309,0.0,0.0,1026.08336000035,802.977637966678,0.0,9801.63390664463,75110.1893016811,2098.67546909676,0.0,0.0,28071.2379907426,0,96.5578015785709,0.0,0.0,0.0,0,539.093425482818,0.0,13406.7599862506,0.0,223.719549473783,1632.79574862114,26746.6465017438,0.0,0.0,271.077788560831,41283.4924619288,39148.3495783942,45417.2854145712,9622.92860655191,6905.29391979746,8205.64871933743,22219.8857179004,38768.1649392119,922.376977046231,0.0,33710.7117665466,34.4328889166574,6944.37065236704,22918.4727072227,4430.57266650831,12910.7354655015,81.4616569663577,0.0,0.0,1653.10802992303,280.866455999506,29224.4343775739,355.131298023597
1M,1M-4-P,48.4807736955457,0.0,0.0,0.0,93.2682464555083,0.0,0.0,0.0,0.0,0.0,25791.395747948,0.0,0.0,4105.65428593906,4387.25529556762,13993.0006925457,3426.97450722413,42.5893693761629,0.0,0.0,7115.35694264536,273.974453713561,6815.88913978255,27419.8781606131,0.0,45.1785265519692,1747.75150201377,0.0,0.0,543.111056209329,1076.80712655054,0.0,4817.63903066783,51176.4842889281,9427.93571483623,0.0,0.0,13860.7615916568,0,320.733033854696,0.0,0.0,0.0,0,865.794593180359,0.0,7609.50730007965,0.0,116.764928513005,2051.8460434077,16278.5849801803,0.0,0.0,352.950106871443,35379.2119787968,28310.8858187477,32954.775616001,3367.29497519,3733.53026667352,4066.03451633447,17817.8047118753,23843.9919623428,602.118827189346,0.0,20427.7045810852,0.0,1469.74611608716,13222.9956986396,2597.46245681853,10067.3291394635,642.159909254925,0.0,0.0,1452.14615651705,260.576867097084,19255.3190290113,316.734122351261
1M,1M-5-P,0.0,0.0,0.0,0.0,129.769157904575,0.0,0.0,0.0,0.0,0.0,27875.9737729656,0.0,0.0,8181.04851528248,6070.34451529429,14907.2945354471,2561.58616974622,0.0,0.0,0.0,6173.14272674712,417.209076074184,9827.83937452531,17396.6411325438,0.0,264.968761007294,1518.83793430916,0.0,0.0,282.897518135984,910.120387309738,0.0,7148.03001231987,39269.1256380591,2494.471367844,0.0,0.0,28946.4748190764,0,307.31335601059,0.0,0.0,0.0,0,1369.48122607207,86.9304563640957,9585.29772812024,0.0,96.5219323057602,1852.4649773115,14077.569461234,0.0,40.7446552799192,298.526864812185,22982.9741843847,25489.5709916289,30476.8902552117,1993.26588360962,3940.40309696917,13572.1572720784,17447.4685490191,19475.4067715048,483.038915805358,0.0,39555.1752116503,14.1172493449238,3049.37846085958,16459.5500722312,2932.93906045782,11422.9930158668,1054.45973671998,0.0,0.0,1350.4732451201,549.112930622373,17490.6843450855,218.238814363148
1M,1M-6-P,50.6932001742368,0.0,0.0,0.0,105.044022316678,0.0,0.0,182.380213579995,36.4188656643588,0.0,13620.5437776425,0.0,0.0,1685.88239373853,2706.84369465485,4409.53170370861,1518.69065875771,0.0,0.0,0.0,4901.70595512556,778.010069154106,21656.5936888056,14753.0926736262,0.0,295.833650795978,1404.40005815238,0.0,0.0,233.150966934514,1377.3605968989,0.0,1416.30007848764,24223.3635513512,6619.65948410375,0.0,113.330806939802,5224.42767056453,0,1735.92374980498,0.0,0.0,0.0,0,903.001567620332,741.048534900106,3634.41819707289,0.0,0.0,1371.04267464792,8000.50215789314,0.0,520.499004559134,652.817710327472,24379.0594512913,15093.362170535,16390.7501064495,1974.96158014395,2639.13480392335,1215.96164120248,9428.63300186894,12673.9832348235,484.419687014996,0.0,7699.10491595218,0.0,2092.23230064114,6149.99715377294,1949.23096863285,6713.81882196787,379.849252792172,0.0,0.0,1159.38921214714,338.727811521713,9782.91432538634,319.368641478303
3M,3M-1-P,0.0,0.0,0.0,0.0,93.4381896586798,0.0,0.0,0.0,0.0,0.0,38527.9152059401,0.0,0.0,5130.08671672987,5098.4183390138,32249.3116173044,5804.63116143567,0.0,0.0,0.0,7015.58476165503,486.92339504686,18148.5504492843,32699.3291547855,0.0,75.370793244308,2247.98209248255,0.0,0.0,786.230613649547,1184.6832636074,0.0,5244.92441164132,85408.0335135881,9751.18315330892,0.0,0.0,23280.3244662469,0,61.5137295680153,0.0,0.0,0.0,0,1310.25784597469,0.0,14515.0205255594,0.0,184.013341025168,2177.32801559875,24897.727904661,0.0,0.0,523.985061685621,38771.2512629178,39685.593785453,45745.8258986547,5326.93101956567,6290.60435887217,9156.19328700843,23421.3470798022,34198.057386056,573.109759250908,0.0,33362.8197972905,23.2734228349364,1950.11066893809,23814.6487420357,3903.68101096959,16451.917630599,2199.53325358556,0.0,0.0,1858.62813246634,517.838348959443,28027.9790305382,614.998549592888
3M,3M-2-P,58.2175515246929,0.0,0.0,0.0,270.595958629885,0.0,0.0,0.0,0.0,0.0,46200.4393096338,0.0,0.0,1082.48802375579,3358.47296494802,58733.5948431629,5529.29956075148,0.0,0.0,0.0,6171.96679151638,611.411701534622,1541.05078946885,25349.1894480668,0.0,0.0,573.400249389416,0.0,0.0,0.0,3207.91810905672,0.0,8053.87365511625,85022.3041891397,827.835610300675,0.0,0.0,43920.5093182776,0,121.584265674215,0.0,0.0,0.0,0,1763.70448451597,0.0,20997.3263721178,116.597432600069,196.127458031251,2576.93915499525,35459.8221323808,0.0,0.0,598.163439479721,177826.706691493,53721.1272674148,71358.7473506218,593.254532580127,8553.70094574971,34059.5856621182,31340.8368555609,34191.9541785153,4543.08478951916,0.0,47214.0841185012,179.764435754921,2570.66328451292,35619.7550005679,7407.92447386717,21078.262296727,3642.40413666715,0.0,0.0,3401.31356587335,0.0,41914.9855537241,375.620277798604
3M,3M-3-P,439.181021406274,0.0,0.0,0.0,163.151445723262,0.0,0.0,0.0,0.0,0.0,52821.5463573581,0.0,26.8157965572886,1391.17449750185,2060.10217511116,50369.403975524,7226.252546349,0.0,0.0,0.0,6386.48708455779,260.45499184761,4641.00203702069,39189.3828326523,0.0,0.0,1323.90338627982,0.0,0.0,837.339265883967,858.136522117634,0.0,3122.55201101089,103443.506498893,3615.2268364955,0.0,0.0,38051.0000798077,0,0.0,1859.94099571887,0.0,0.0,0,345.705738104251,0.0,17576.4855538173,0.0,300.102763549634,1830.38397817032,33198.5263933052,0.0,0.0,299.271596599314,37696.3071820236,49968.5284848736,57833.8266555151,9322.34331297083,9368.43850061049,13727.9672638814,29447.5772083361,46252.9223462602,931.147482121033,0.0,46919.5500442215,49.0436132109924,7755.18792548519,32082.9472673034,5862.74957479978,18579.9198864526,83.332287549484,0.0,0.0,1994.03450511951,0.0,39352.6291321039,421.088786634471
3M,3M-4-P,65.794613938478,0.0,0.0,0.0,108.87611817745,0.0,0.0,0.0,0.0,0.0,38741.2366715533,0.0,0.0,2018.69863168803,4057.83231776448,24037.548670216,3877.26063766728,0.0,0.0,0.0,7738.74784628744,374.56366079,4459.21685647818,30723.8176719815,0.0,0.0,1948.26788381121,0.0,0.0,0.0,1046.62078890219,0.0,3235.03729435063,80774.3679673706,8772.10122618255,0.0,0.0,21375.0988540238,0,196.819417095154,0.0,0.0,0.0,0,685.199082546832,0.0,11349.1553061332,0.0,142.973524418306,1899.42038492255,22972.1726922548,0.0,0.0,441.234034485109,176156.839473385,39227.0638451829,44028.5513955289,1912.80419930818,5676.80056567467,13688.205476147,24434.5535038821,33378.9347614978,564.56131805973,0.0,30135.8320255844,39.8019950261392,1736.19185559253,21341.7133612694,3566.7825406639,19566.2693881046,580.130813680462,0.0,0.0,1746.16175075579,237.998212986672,26898.3991447953,355.296428567569
3M,3M-5-P,101.075492283029,0.0,0.0,0.0,263.16519578106,0.0,0.0,0.0,0.0,0.0,26723.6089740745,0.0,0.0,4262.54031102349,3339.16458452521,17064.8313211051,2969.32158682173,0.0,0.0,0.0,5955.82913472619,473.422579983365,8894.69904904066,16676.5384755257,0.0,92.48947733942,1501.08635270408,0.0,0.0,0.0,697.579812239347,0.0,3344.33730582537,53029.5243544648,6503.2889290066,0.0,0.0,13438.1093103052,0,107.208087947539,0.0,0.0,0.0,0,1370.63635339037,17.8784456034719,849.716316198371,0.0,77.1065231459183,1670.79223605943,17578.1261632384,0.0,0.0,391.230071440621,136986.953646701,28923.9174619773,32962.1097019427,2184.72121683397,4863.19797828745,12504.6434452696,19154.9330178451,19571.8877127019,1464.57865877623,0.0,19536.4027190484,51.1021695871934,2982.45224326625,13836.8801951553,2785.89139155436,14789.016816487,6254.97752650361,0.0,0.0,1387.42391099159,0.0,20288.4031979356,231.792209353493
3M,3M-6-P,59.061295159476,0.0,0.0,0.0,150.599438292874,0.0,0.0,138.756938246445,28.5710918483109,0.0,21256.1477737923,0.0,0.0,1335.43756199474,5093.56497589657,7725.74396281246,2070.39763619286,0.0,0.0,0.0,5649.64696282113,899.037543546161,26290.0057209896,25628.0803610884,0.0,203.391944791848,2299.16613662368,0.0,0.0,0.0,1376.43193899178,0.0,2159.47072184181,43272.5130258421,14446.8091902746,0.0,182.987929972309,8743.41027728905,0,1426.2245769286,0.0,0.0,0.0,0,1295.55014431464,615.301162853482,5751.87034353986,0.0,106.163301497022,1900.40666118871,12879.144371252,0.0,421.167790740598,803.121099900639,27038.1522414436,24488.5388407848,27212.3401466883,2272.62752516914,3675.38668543712,1533.1846944807,14028.2053447305,20743.7509708404,430.862320157151,0.0,13121.6550641168,18.730467138489,2201.23044424496,10983.439723395,2716.895734075,11887.8052886282,364.651677853921,0.0,0.0,1509.72061953169,263.826563051209,15181.8539259933,314.348667229533
6M,6M-1,63.8617592506519,0.0,0.0,0.0,359.578412795525,0.0,0.0,0.0,0.0,0.0,38761.2667553055,0.0,0.0,2226.0714889983,2675.09261466259,40103.0090788865,5971.05741683038,0.0,0.0,0.0,5726.52007515847,517.124935653113,17919.5221099985,33436.9742891563,0.0,75.5993666704927,1984.28142976754,0.0,0.0,985.748235840469,1140.4374743198,0.0,2234.4216390042,92635.049557536,16674.6012571517,0.0,0.0,28670.7771738346,0,0.0,1532.01878743782,0.0,0.0,0,1013.9370593054,0.0,15264.1989904601,0.0,212.872726726601,1998.60041828274,27815.2640073018,0.0,0.0,587.70435775174,73502.2664279108,42146.121989711,49803.2386449662,6092.747130565,6416.4398694942,11949.6656099107,24219.1258762093,31181.5622684221,573.852637886948,0.0,37204.6412994467,24.442236324215,3311.04242931247,25946.48682766,3913.70705202199,14900.5494433743,2231.62295165991,0.0,0.0,1726.24649866245,545.66517250424,31477.5543004198,787.840039800163
6M,6M-2,72.897611999782,0.0,0.0,0.0,247.912967877659,0.0,0.0,0.0,0.0,0.0,52614.5084230416,0.0,0.0,918.05673434288,1753.11040031994,55267.9760477775,5243.11617164818,0.0,0.0,0.0,5594.03569862028,555.099162260483,931.169362453421,20559.0367534069,0.0,0.0,522.950470387296,0.0,0.0,0.0,2422.04530363293,0.0,3673.92635504414,79726.1105411965,786.229836076822,0.0,0.0,44261.4826552131,0,82.3633715369057,1512.89542914806,0.0,0.0,0,1810.33931287907,0.0,19819.9691629405,135.135960584231,241.026430221295,2373.40584620593,35711.2777962998,0.0,0.0,509.636412284201,254198.915125425,52259.6211524836,68729.5831783805,619.49112958097,10600.9716605876,34535.9165939654,28472.4053585574,34362.310567347,4338.45440641763,0.0,43808.7450945328,157.044995863873,2450.14302306352,33006.0815421545,7265.14628850524,22883.4869883656,3382.87808724184,0.0,0.0,3151.18197317894,90.5825574394057,42199.2266156528,403.447256703257
6M,6M-3,618.920816613504,0.0,0.0,0.0,207.361372555762,0.0,0.0,0.0,0.0,0.0,53062.0055986638,0.0,0.0,328.990533035602,2113.1340255853,59262.1096645429,5506.82885231461,0.0,0.0,0.0,5954.6747800784,201.676661814302,5481.91199003149,36408.6042944679,0.0,0.0,870.416039978477,0.0,0.0,604.184362582275,826.704058553335,0.0,3556.73489542185,110500.397820933,1766.62983420678,0.0,0.0,47498.9773788522,0,0.0,2123.97644809388,0.0,0.0,0,0.0,0.0,18665.677140298,0.0,279.556966705014,1557.18612078677,36169.273734344,0.0,0.0,337.207867189829,45769.8723020142,50228.7467948586,59672.4255308623,10430.1248355498,9820.35947623968,17591.3872618927,29033.5466468159,46575.2574446094,877.536516511071,0.0,53449.1285476095,0.0,6975.63242949797,35338.7614141447,5906.45798121574,19235.6102575365,73.3995170798615,0.0,0.0,2055.53271330118,390.089040268368,38518.8057066943,617.966206413911
6M,6M-4,73.5142663324397,0.0,0.0,0.0,154.013524870965,0.0,0.0,0.0,0.0,0.0,40628.3969702365,0.0,0.0,1570.54897765569,4827.01196282992,29106.3967631649,2875.52863745954,0.0,0.0,0.0,8409.59994061934,329.425750836569,5923.94278891241,31462.6353039218,0.0,0.0,1805.07186342291,0.0,0.0,0.0,1003.05010708348,0.0,2446.88734887245,88064.2509221492,3984.28240041231,0.0,0.0,24063.0005131239,0,108.440677257839,1514.45898080159,0.0,0.0,0,593.33641283574,0.0,12494.8567498652,0.0,153.968063794641,1757.94275543441,26887.6805897604,0.0,0.0,403.191925869098,133389.800413391,42500.0103556558,46818.5157860593,2068.86798146826,5165.1879912967,14677.4010518393,25897.6596777296,33669.7884739771,523.98728804067,0.0,35427.2792146746,12.2514577832458,1913.99989573687,24738.5695829434,3877.27470601751,23738.717046603,565.661780625688,0.0,0.0,1597.17961948792,249.453184680704,30760.5249159941,427.213578876203
6M,6M-5,121.214637173528,0.0,0.0,0.0,229.045127403152,0.0,0.0,0.0,0.0,0.0,34963.321898941,0.0,0.0,5247.75630913186,7154.42070816038,20149.2284913773,3153.52285077062,0.0,0.0,0.0,6856.21770214939,480.74808508725,10197.3145485681,27127.44653921,0.0,28.3318265274914,1920.84281498538,0.0,0.0,333.441357623538,821.964031082968,0.0,3891.44848773281,71066.7899189288,3930.78814892693,0.0,0.0,19297.3215035524,0,88.6750190028267,0.0,0.0,0.0,0,1431.312880704,0.0,544.163505374308,0.0,118.163867890785,1712.61497342212,23461.7825450866,0.0,0.0,398.244204685604,94104.1306379408,38532.0845573445,43652.1226849032,2633.76811456152,6384.35910032801,7805.30351356895,23771.202631557,25808.3125596363,2711.44326082662,0.0,27869.9289376782,28.3482723316523,3412.44187699237,18226.9738254413,3347.93449865459,13285.0286755067,5512.79539745233,0.0,0.0,1631.59443360126,302.011824569212,27126.0159668957,362.303042070647
6M,6M-6,98.7641713795323,0.0,0.0,0.0,304.713943380635,0.0,0.0,169.286354259981,0.0,0.0,24704.4568427367,0.0,0.0,1386.17131477256,3909.89764698608,11891.2595025066,2099.61068962139,0.0,0.0,0.0,5241.80513346708,882.426978741878,24519.7274444705,30664.5664408287,0.0,126.33541074776,2504.83698776246,0.0,0.0,367.426782332548,1210.19283857447,0.0,1129.01478426277,49507.1489605657,15394.5270847269,0.0,103.337586774946,11271.2398738296,0,535.476931887906,1484.30365559334,0.0,0.0,0,1353.12680618574,294.077392642627,4932.5924702035,0.0,124.617579120965,2288.10858102382,16441.2356012874,0.0,207.669027307147,757.224702141913,39244.9306849788,29470.6389670502,33289.1737073504,2438.71376479384,4464.37051341472,2294.91696793651,17013.613919215,20264.1683459258,630.875848407012,0.0,14815.5273780447,0.0,2277.68886587152,12330.3112392065,2897.02536217351,13188.0018073951,736.238665502259,0.0,0.0,2260.49014918248,384.870142084558,19043.3661176199,411.630901261835
